ACCESSION_NUMBER	ID	ISSUER	ISSUERSIGNATURE	ISSUERTITLE
0001670254-21-000402	1	AKT Pictures LLC	Akemi Tosto	Executive Producer/Writer/Director
0001665160-21-000400	1	Greenberry's Coffee Roasters, Inc.	Sean Simmons	President, CEO, Principal Executive Officer and Director, Principal Financial Officer and Principal Accounting Officer
0001831322-21-000003	1	VISPIRI Inc.	Reese Edwards	CFO
0001665160-21-000399	1	GroGuru, Inc.	Patrick Henry	President and CEO
0001746059-21-000139	1	Cocoa & Butter LLC	Fouzia Rafae	Owner and Founder
0001669191-21-000330	1	RedOak Instruments, LLC	Richard Behlmann	Principal Executive Officer
0001665160-21-000396	1	Greenberry's Coffee Roasters, Inc.	Sean Simmons	President, CEO, Principal Executive Officer and Director, Principal Financial Officer and Principal Accounting Officer
0001837254-21-000003	1	HT Naturals Inc.	Zayn Kalyan	President
0001665160-21-000394	1	Innovative Eyewear, Inc.	Harrison Gross	CEO, Principal Executive Officer, Director
0001837254-21-000002	1	HT Naturals Inc.	Zayn Kalyan	President
0001670254-21-000399	1	Cedar, Inc.	Adam Finke	CEO & Co-Founder
0001827424-21-000003	1	C3 Capital, Inc.	Martin Gallon	CEO and Director
0001782749-21-000001	1	Tallyfy, Inc.	Amit Kothari	Chief Executive Officer
0001669191-21-000328	1	ACK Right Endeavors LLC	Jack McDaniel	Principal Executive Officer
0001665160-21-000392	1	Learnt Corporation	Andrew Nimmich	CEO, Principal Executive Officer and Director, Principal Financial Officer and Principal Accounting Officer
0001666102-21-000003	1	Lucas & Friend Land Holdings, LLC	Adam Brandley	Chairman
0001821982-21-000001	1	ALBEMARLE HOTEL DEVELOPMENT, LLC	Jordan Jones	Manager
0001670254-21-000398	1	XCINEX CORPORATION	Cihan Fuat Atkin	Founder & CEO
0001670254-21-000397	1	SFO84, Inc	Matthieu Jost	CEO
0001795615-21-000001	1	Hemp Real Estate Investments, Inc.	Tariq Khan by Sean Fuellhart POA	CEO
0001665160-21-000389	1	Innovative Eyewear, Inc.	Harrison Gross	CEO, Principal Executive Officer, Director
0001852116-21-000001	1	Hideawayco LLC	Anna Baird	Owner
0001817438-21-000001	1	Raindrop Texting Solutions, Inc	Mike Brown by Sean Fuellhart POA	Partner
0001670254-21-000394	1	MedCoShare Inc.	Ronak Vyas	CEO
0001670254-21-000392	1	Pigeon Loans, Inc.	Brian Bristol	Founder & CTO
0001665160-21-000387	1	Luving Co	Ashi Jelinek	CEO, Principal Executive Officer and Director, Principal Financial Officer and Principal Accounting Officer
0001798365-21-000001	1	Oceanus Power & Water, LLC	Neal Aronson	CEO
0001820404-21-000005	1	Healthy Hip Hop, Inc.	Roy Scott	Chief Executive Officer
0001665160-21-000385	1	Capsul inc.	Tina Cheng	CEO, Principal Executive Officer and Director, Principal Financial Officer and Principal Accounting Officer
0001665160-21-000386	1	OFFIX-USA LLC	Lior David	CEO, Principal Executive Officer and Director, Principal Financial Officer and Principal Accounting Officer
0001745548-21-000001	1	K POP Foods, Inc.	Theodore Lee	Co-founder & CEO
0001670254-21-000391	1	DRONEDEK Corporation	Dan O'Toole	Chairman and CEO at DRONEDEK Corporation
0001746059-21-000138	1	Big Thicket Distilling Co LLC	Joseph Breda	Founder
0001665160-21-000384	1	Wireless electrical Grid LAN, WiGL, Inc.	Dr. Ahmad Glover	CEO, Principal Executive Officer and Director, Principal Financial Officer and Principal Accounting Officer
0001665160-21-000383	1	Zenus, Inc.	Panagiotis Moutafis, Ph.D.	CEO, Principal Executive Officer and Director, Principal Financial Officer and Principal Accounting Officer
0001665160-21-000382	1	Rumble Motors, Inc.	Reza Khademi	CEO, Principal Executive Officer and Director, Principal Financial Officer and Principal Accounting Officer
0001669191-21-000326	1	Northstar Technologies Group, Inc.	Paul Inglese	Principal Executive Officer
0001746059-21-000137	1	Smittox Brewing Co LLC	Kuumba Smith	Owner and Founder
0001669191-21-000324	1	The Feel Good Lab LLC	Ryan Gresh	Principal Executive Officer
0001213900-21-018234	1	Eysz, Inc.	/s/ Rachel Kuperman	Founder and Chief Executive Officer
0001669191-21-000322	1	Eyes 4 Lives, Inc.	Roger Wu	Principal Executive Officer
0001746059-21-000136	1	Proof, LLC	Michael Robinson	Owner and Founder
0001670254-21-000388	1	Intellisea, LLC	Joseph Krystofik	CEO / President
0001670254-21-000386	1	Neurohacker Collective, LLC	Hakan Lindskog	Chief Operating Officer
0001830570-21-000001	1	Otto Connect, Inc.	James R Varner	President and CEO
0001746059-21-000135	1	Roundhead Brewing, LLC	Craig Panzer	Owner and CoFounder
0001665160-21-000377	1	Hacking Labs	Sean Hacking	CEO, Principal Executive Officer and Director, Principal Financial Officer and Principal Accounting Officer
0001669191-21-000319	1	Backers Inc.	Brian Tinney	Principal Executive Officer
0001665160-21-000375	1	Rayton Solar, Inc.	Andrew Yakub	CEO, Principal Executive Officer and Director, Principal Financial Officer and Principal Accounting Officer
0001845327-21-000001	1	Nouri Life, LLC	Caroline Beckman	Founding Member & CEO
0001670254-21-000384	1	PharmD Live Corporation	Cynthia Chioma NWAUBANI	Chief Executive Officer
0001665160-21-000372	1	Artisanal Distillates, LLC	Daniel Mena	CEO, Principal Executive Officer and Director, Principal Financial Officer and Principal Accounting Officer
0001746059-21-000134	1	STiX Crafthouse	Jacob Gross	Owner and CoFounder
0001746059-21-000133	1	Dead Bird Brewing Co	Jeremy Hatch	Owner and CoFounder
0001669191-21-000317	1	TrafficGenius, Inc.	Scott Murdoch	Principal Executive Officer
0001669191-21-000315	1	OmniValley, Inc.	James Buchanan	Principal Executive Officer
0001746059-21-000132	1	Retro Meadery LLC	Michael Fields	Owner and CoFounder
0001845394-21-000003	1	Ascent AeroSystems, Inc.	/s/ Jan Peter Fuchs	President, Chief Executive Officer & Treasurer
0001665160-21-000369	1	festivalPass LLC	Edward Vincent	CEO, Principal Executive Officer and Director, Principal Financial Officer and Principal Accounting Officer
0001827592-21-000001	1	Akua Life, PBC	Courtney Boyd Myers	CEO
0001669191-21-000313	1	WWF Holdings, Inc.	Lonnie Johnson	Principal Executive Officer
0001850551-21-000001	1	No Limit Technology Holdings, Inc	Rafael Groswirt by Sean Fuellhart POA	CEO
0001665160-21-000366	1	Conviction Fitness, Inc.	Ron L. Wilson, II	CEO, Principal Executive Officer and Director, Principal Financial Officer, and Principal Accounting Officer
0001836185-21-000002	1	Green Clouds LLC.	Keithian Sammons	Manager
0001665160-21-000364	1	IX Power Clean Water, Inc.	John R. (Grizz) Deal	CEO, Principal Executive Officer and Director
0001665160-21-000367	1	Mamie's Pies, Inc.	Kara Romanik	CEO, Principal Executive Officer and Director, Principal Financial Officer and Principal Accounting Officer
0001746059-21-000131	1	White Elephant Brewing Company, LLC	Rebecca Quisenberry	COO & CoFounder
0001665160-21-000357	1	Quri Vodka Inc.	Jonathan E. Tourgee	CEO, Principal Executive Officer and Director
0001746059-21-000130	1	Arterial Coffee, LLC	Sharaine Brown	Owner and CoFounder
0001852943-21-000002	1	STL Texas: Brownsville & Cameron County, Inc.	Paul Skillicorn	CEO
0001844167-21-000006	1	RoboCash, Inc.	Adrian E. Garcia	CEO
0001746059-21-000129	1	BEAU HOSPITALITY GROUP LLC	Ileana Acosta	Owner and CoFounder
0001669191-21-000311	1	Zelgor Inc	John Fanning Jr	Principal Executive Officer
0001715007-21-000002	1	FreshMynd Inc.	Seema Lindskog	CEO
0001796412-21-000001	1	Golden Cacao Corp	Christopher Werner	CEO and Director
0001716822-21-000004	1	70 Million Resources, Inc.	Richard Bronson	CEO
0001670254-21-000383	1	Pencilish Animation Studios Inc.	Tom Bancroft	CEO
0001716822-21-000006	1	GET TO WORK INC.	James Chapman	CEO, Director
0001670254-21-000382	1	DRONEDEK Corporation	Dan O'Toole	Chairman and CEO at DRONEDEK Corporation
0001830990-21-000001	1	VINCHI LLC	Joseph Mohney	Manager
0001746059-21-000128	1	Moxi On The Rocks LLC	Tomas Nenortas	Founder
0001669191-21-000308	1	DeoBioSciences, Inc.	John  Adamson, Jr.,	Principal Executive Officer
0001665160-21-000353	1	NanoVMS, Inc.	Ian Eyberg	CEO, Principal Executive Officer and Director, Principal Financial Officer and Principal Accounting Officer
0001421744-21-000001	1	Cytonics Corp	Anjun K. Bose	President
0001747584-21-000008	1	Elm Lea Renewable Energy, LLC	Alexander Blackmer	Manager
0001670254-21-000377	1	EveryDay Contacts, Inc.	Lawrence Chavez	CEO
0001670254-21-000376	1	Eat Good Do Good, Inc.	John Sorial	Founder & Managing Partner
0001835612-21-000004	1	LiveVested, LLC	William McGuire	CEO
0001670254-21-000375	1	Oxford Hounds Inc.	James Tulin	CEO
0001670254-21-000374	1	Vlogmi Corporation	Luke Thorssen	Founder and CEO
0001670254-21-000373	1	Avinu Media Inc.	Ilan Goldberg	Co-founder and COO
0001773714-21-000001	1	Core State Holdings Corp	Oleg Cheine	CEO
0001746386-21-000001	1	Esembly Inc.	Elizabeth Turrigiano	President
0001670254-21-000372	1	HotelierCo Retail LLC	Nathan Kivi	Founder & CEO
0001670254-21-000371	1	Immortal Studios, Inc	Peter Shiao	Founder & CEO
0001853045-21-000001	1	Vegan Soul	Ednamae Gaines	Owner
0001669191-21-000305	1	Energy Exploration Technologies, Inc.	Teague Egan	Principal Executive Officer
0001670254-21-000370	1	Heroic Enterprises, Public Benefit Corporation	Brian Johnson	Founder + CE
0001665160-21-000350	1	Solgaard Design Inc.	Adrian Solgaard	CEO, Principal Executive Officer and Director, Principal Financial Officer and Principal Accounting Officer
0001670254-21-000367	1	Heroic Enterprises, Public Benefit Corporation	Brian Johnson	Founder + CE
0001825788-21-000001	1	Bonsai Village, LLC	Joseph Callantine	President/CEO
0001670254-21-000365	1	Luxury Camping Inc.	Robert Frisch	Co-Founder and CEO
0001670254-21-000364	1	BrainScanology Inc	Dave Nguyen	Co-Founder & CEO
0001669191-21-000302	1	TOP UNii, Inc	Dermell Brunson	Principal Executive Officer
0001670254-21-000363	1	eZdia Inc	Deepak Goyal	CEO
0001835222-21-000003	1	Guidance Enterprises LLC	Jason Ridgel	Owner
0001830792-21-000008	1	KGJMK Opco Inc.	James Shih	CEO, Director
0001670254-21-000358	1	Sun & Swell Inc.	Bryan Flynn	Cofounder & COO
0001670254-21-000357	1	Airthium Inc.	Andrei Klochko	CEO and Co-founder
0001852743-21-000001	1	Cleveland Bakery Collective LLC	Nikki Odongray	Owner
0001814663-21-000002	1	AS&R PRODUCTIONS, LLC	Roger Russell	CEO
0001669191-21-000300	1	eBumps Inc.	Jonah Tuckman	Principal Executive Officer
0001665160-21-000348	1	festivalPass, LLC	Edward Vincent	Founder & CEO
0001774075-21-000001	1	SIMPLESHOWING HOLDINGS, INC.	Fred McGill Jr.	Chief Executive Officer
0001665160-21-000349	1	No-H2O USA Inc	Emmet O'Brien	CEO, Principal Executive Officer and Director, Principal Financial Officer and Principal Accounting Officer
0001665160-21-000345	1	Mountain West Cider Company, Inc.	Jeffrey C. Carleton	CEO, Principal Executive Officer and Director, Principal Financial Officer and Principal Accounting Officer
0001669191-21-000298	1	Atmospheric Water Solutions, LLC	Doug Marcille	Principal Executive Officer
0001796060-21-000003	1	Dope Coffee Co LLC	Michael Lloyd	CEO
0001669191-21-000296	1	Phoenix PharmaLabs Inc	William W Crossman	Principal Executive Officer
0001851491-21-000003	1	AMASS BRANDS	Mark Lynn	Chief Executive Officer
0001835070-21-000001	1	Boca Code School LLC	Todd Albert	CEO
0001665160-21-000335	1	Learnt, Inc.	Andrew Nimmich	CEO, Principal Executive Officer and Director, Principal Financial Officer and Principal Accounting Officer
0001784242-21-000002	1	Humphry Slocombe Group, LLC	Jina Osumi	CEO
0001750307-21-000001	1	Mosaic 4537 Wayne Avenue GP, LLC	Greg Reaves	Managing Member of Manager, Mosaic Development Partners LLC
0001813475-21-000001	1	Scooterson, Inc.	Mihnea Iustinian Chis	Chief Executive Officer
0001843648-21-000004	1	Beacons AI, Inc.	Neal Jean	CEO & Director
0001836307-21-000003	1	Fanchise League Company, LLC - FCF Team 1 LLC	Sohrob Farudi	CEO
0001836320-21-000002	1	Fanchise League Co LLC FCF Team 2, LLC	Sohrob Farudi	CEO
0001836325-21-000002	1	Fanchise League Co LLC FCF Team 4, LLC	Sohrob Farudi	CEO
0001670254-21-000346	1	Ichor LLC	Trevor Bates	CEO
0001841565-21-000001	1	Resonado, Inc.	Youngil Cho	CEO
0001814787-21-000002	1	Doorage, Inc.	Sean Sandona	CEO
0001836323-21-000002	1	Fanchise League Co LLC FCF Team 3, LLC	Sohrob Farudi	CEO
0001671941-21-000004	1	Angel Studios, Inc.	Neal Harmon	CEO
0001669191-21-000288	1	Talla Inc.	Francis Speiser	Principal Executive Officer
0001746059-21-000127	1	SELLING SEATTLE-THE SITCOM, LLC	James McGuffin	Owner and Founder
0001746059-21-000126	1	Marinas Cuisine, LLC	Marina Gibbs Olanipekun	CEO
0001644600-21-000012	1	Vinsent, Inc.	Jacob Ner-David	CEO
0001670254-21-000345	1	Sircles Media Inc.	Danny Hinkle	Co-Founder, COO
0001669191-21-000286	1	eBumps Inc.	Jonah Tuckman	Principal Executive Officer
0001852185-21-000001	1	Harvie Farms Distribution LLC	Simon Huntley	CEO
0001746059-21-000125	1	Kennys Restaurant & Bar LLC	Kenneth Walker	President
0001665160-21-000334	1	O2 Treehouse Commercial, Inc	Dustin Feider	CEO, Principal Executive Officer and Director
0001665160-21-000333	1	XTI Aircraft Co	Robert LaBelleRobert LaBelle	CEO, Principal Executive Officer and Director
0001644600-21-000011	1	Vinsent, Inc.	Jacob Ner-David	CEO
0001841741-21-000002	1	STRUT Learning, Inc.	Mitch Schneider	CEO
0001665160-21-000332	1	ABH Holdco, Inc.	Brandon Perry	CEO, Principal Executive Officer and Director
0001670254-21-000342	1	I Got It Holdings Corp.	Joseph De Perio	Chairman of the Board
0001665160-21-000330	1	Metai Knights Media Inc	Dele Atanda	CEO, Principal Executive Officer and Director, Principal Financial Officer and Principal Accounting Officer
0001670254-21-000340	1	Valerie's LLC	Valerie Bendish	Founder, CEO
0001670254-21-000339	1	Bodha Inc	Karl  Cadet	Co-Founder/CEO
0001746059-21-000124	1	Kennys Restaurant & Bar LLC	Kenneth Walker	President
0001670254-21-000338	1	Doodeo Inc.	Rony Hage	Founder and CEO
0001669191-21-000283	1	Puro Trader, Inc dba Yahyn	Joshua  Leavitt	Principal Executive Officer
0001821328-21-000001	1	Oakwood Ave., LLC	Michael Benatar	CEO, Director
0001669191-21-000281	1	At Your Home LLC	Christopher Suser	Principal Executive Officer
0001669191-21-000278	1	Berylline Corporation	Dennis  Dresser	Principal Executive Officer
0001746059-21-000123	1	SELLING SEATTLE-THE SITCOM, LLC	James McGuffin	Owner and Founder
0001849929-21-000001	1	Brane Inc	Paul Carlisle	Chief Executive Officer
0001665160-21-000324	1	Thirty Three Threads, Inc. d/b/a ToeSox d/b/a Tavi Noir	Gill Hong	CEO, Principal Executive Officer and Director
0001716822-21-000003	1	Gumroad, Inc.	Sahil Lavingia	CEO
0001716822-21-000002	1	70 Million Resources, Inc.	Richard Bronson	CEO
0001665160-21-000321	1	Pyrotree Inc.	Christopher Dell'Olio	CEO, Principal Executive Officer and Director, Principal Financial Officer and Principal Accounting Officer
0001800037-21-000001	1	SPARKLE INNOVATIONS INC	/Matthew K. Pelkey/	Attorney
0001779469-21-000003	1	Shift, LLC	Brock Heasley	CEO
0001842998-21-000004	1	Hideawayco LLC	Anna Baird	Owner
0001842998-21-000003	1	Triangle Foundry LLC	Karyna Kerin	President
0001665160-21-000319	1	Hawaiian Ola Brewing Corporation	Brett Jacobson	CEO, Principal Executive Officer and Director, Principal Financial Officer and Principal Accounting Officer
0001477932-21-001502	1	Kiddie, Inc.	/s/ Alberto Prieto	Chief Executive Officer, Director
0001670254-21-000337	1	I Got It Holdings Corp.	Joseph De Perio	Chairman of the Board
0001851491-21-000001	1	AMASS BRANDS	Mark Lynn	Chief Executive Officer
0001671941-21-000002	1	Angel Studios, Inc.	Neal Harmon	CEO
0001792508-21-000003	1	Linen Mobile, Inc.	/s/Vitaly Bahachuk	Director, President, Chief Executive Officer
0001670254-21-000336	1	CoPeace PBC	Craig Jonas	Chief Executive Officer
0001792508-21-000002	1	Linen Mobile, Inc.	/s/ Vitaly Bahachuk	Director, President, Chief Executive Officer
0001815995-21-000003	1	AdWallet Inc.	Adam Greenhood	CEO
0001669191-21-000276	1	GenesisAI Corporation	Archil Cheishvili	Principal Executive Officer
0001670254-21-000335	1	AtYourGate, Inc.	David Henninger	President
0001746059-21-000122	1	KCITY Investments, LLC	Lloyd Kemry	Owner and CFO
0001746059-21-000121	1	JBK Ventures LLC	Jayson Poluka	Owner and Founder
0001791609-21-000003	1	Supervest, LLC	Jeremy Morton	Founder & Chief Executive Officer
0001670254-21-000334	1	Harmony Turbines Inc	Christopher Moore	Founder / CEO
0001665160-21-000311	1	Vestaboard, Inc	Dorrian Porter	CEO, Principal Executive Officer and Director, Principal Financial Officer and Principal Accounting Officer
0001670254-21-000333	1	Kidd & Truvillion-Kemp Inc	Alicia Kidd	Co-Founder
0001746059-21-000120	1	HIB Management Services LLC	Holly Harding	Owner and President
0001833112-21-000003	1	MicroSalt Inc.	/s/ Konrad Dabrowski	Treasurer, Secretary, and CFO
0001715813-21-000001	1	PieShell, LLC	Cheryl Durkee	Chief Executive Officer
0001670254-21-000332	1	One Biosciences, Inc.	Ty Burgess	Founder & CEO
0001815564-21-000002	1	Choose Health Services LLC	Mark Holland	CEO
0001827501-21-000002	1	Modgarden (USA), Inc.	Aamar Khwaja	President, CEO
0001830909-21-000003	1	6d bytes inc.	/s/ Vipin Jain	Co-founder & CEO
0001670254-21-000330	1	Ciari Guitars, Inc.	Jonathan Spangler	CEO and Founder
0001670254-21-000331	1	iAssay, Inc.	Lonnie Adelman	CEO
0001822345-21-000002	1	Asaak Financial Services Ltd	Kaivan Sattar	CEO, Director
0001670254-21-000329	1	HYYH Co.	Marina Tran-Vu	Founder & CEO
0001746059-21-000119	1	DET Enterprises, Inc	Chitra Sivanandam	CFO and Co-owner
0001665160-21-000310	1	Obvious Wines LLC	Brice Baillie	CEO, Principal Executive Officer and Director, Principal Financial Officer and Principal Accounting Officer
0001669191-21-000273	1	Guardian Athletics, Inc.	David Norris	Principal Executive Officer
0001834420-21-000002	1	SwayBrand Inc.	Horace Flournoy	Co-Founder & Chief Executive Officer
0001746059-21-000118	1	Magic Valley Brewing LLC	Richard White	Owner and CoFounder
0001824373-21-000001	1	Lonesome Producer LLC	Christopher Pappas	Managing Member
0001104659-21-036864	1	Legion M Entertainment, Inc.	/s/ Paul Scanlan	Co-Founder, Chief Executive Officer, Chief Financial Officer and Treasurer
0001669191-21-000268	1	MUSTWATCH LLC	Chelinde Edouard	Principal Executive Officer
0001669191-21-000266	1	ChipBrain LLC	Lisa Vo	Principal Executive Officer
0001669191-21-000264	1	MUSTWATCH LLC	Chelinde Edouard	Principal Executive Officer
0001669191-21-000263	1	MUSTWATCH LLC	Chelinde Edouard	Principal Executive Officer
0001849190-21-000001	1	Shift Caffeine, LLC	John Hickman	CEO
0001829993-21-000001	1	Smart Vylon LLC	Victor Hugo Rosales	Sole Member of Vylon Balance Solutions LLC, Its Manager
0001835612-21-000003	1	LiveVested, LLC	William McGuire	CEO
0001670254-21-000328	1	Lyfmap, Inc.	Larry Bieza	Founder
0001824627-21-000001	1	Perfitly, LLC	Dave Sharma	Co-Founder & CEO
0001820404-21-000003	1	Healthy Hip Hop, Inc.	Roy Scott	Chief Executive Officer
0001830449-21-000002	1	Perrone Robotics, Inc.	Paul J. Perrone	Chief Executive Officer
0001670254-21-000325	1	Wefunder, Inc.	Nicholas Tommarello	Founder & CEO
0001670254-21-000327	1	Gym Rat Films LLC	Joshua Murray	Manager, Producer, Actor
0001665160-21-000308	1	Atmos Home Inc.	Mark Lyle	CEO, Principal Executive Officer and Director, Principal Financial Officer and Principal Accounting Officer
0001665160-21-000306	1	R3 Printing, Inc.	Paul Sieradzki	Director; Treasurer; Head of Product; Chief Executive Officer; President of R3 Printing, Inc.
0001746059-21-000117	1	Blockchain Wine Co	Jeffery Hansen	CEO
0001665160-21-000302	1	LaneAxis Inc.	Rick Burnett	CEO, Principal Executive Officer and Director, Principal Financial Officer and Principal Accounting Officer
0001665160-21-000298	1	Comsero, Inc.	Anthony Franco	CEO, Principal Executive Officer and Director, Principal Financial Officer and Principal Accounting Officer
0001736653-21-000002	1	Fantasy Sports Co	Erik Groset	Founder & CEO
0001670254-21-000323	1	Splitsy, LLC	Brad Starnes	President & Co-Founder
0001665160-21-000297	1	BlueSky Energy US Inc.	Lyle Gold	CEO, Principal Executive Officer and Director, Principal Financial Officer and Principal Accounting Officer
0001683168-21-000938	1	Box Entertainment Inc.	/s/ Brian Guinn	President
0001683168-21-000937	1	Box Entertainment Inc.	/s/ Brian Guinn	President
0001683168-21-000936	1	Box Entertainment Inc.	/s/ Brian Guinn	President
0001839828-21-000002	1	Backstage Capital, LLC	Arlan Hamilton	Manager
0001665160-21-000295	1	Conviction Fitness, Inc.	Ron L. Wilson, II	CEO, Principal Executive Officer and Director, Principal Financial Officer, and Principal Accounting Officer
0001743482-21-000001	1	Polymath Labs, Inc.	Matt Wilkerson	CEO
0001670254-21-000321	1	Heroic Enterprises, Public Benefit Corporation	Brian Johnson	Founder + CE
0001746059-21-000116	1	American Brewers Inc.	Thomas McGuire	COO
0001665160-21-000290	1	Comsero, Inc.	Anthony Franco	CEO, Principal Executive Officer and Director, Principal Financial Officer and Principal Accounting Officer
0001844303-21-000001	1	Power Poll, LLC	Bruce Dobie	CEO
0001665160-21-000287	1	Flux Media, Inc.	Kayla Shelton	CEO, Principal Executive Officer and Director, Principal Financial Officer and Principal Accounting Officer
0001532978-21-000001	1	Gumroad, Inc.	Sahil Lavingia	CEO
0001670254-21-000310	1	Hideout, Inc.	Brian Leung	Co-founder & CEO
0001843648-21-000003	1	Beacons AI, Inc.	Neal Jean	CEO and Director
0001670254-21-000309	1	Univoice Corporation	Sami Halabi	Founder | CEO
0001670254-21-000313	1	XCINEX CORPORATION	Cihan Fuat Atkin	Founder & CEO
0001850785-21-000004	1	Universal Namespace Inc	Tobias Martens	CEO, Director
0001670254-21-000307	1	Quioveo Energy LLC	Leo Alicante	Founder & CEO
0001670254-21-000312	1	LifEngine Animal Health Laboratories Incorporated	Wesley Wierson	Chief Executive Officer
0001670254-21-000306	1	3 Minute Management LLC	Brett Williams	President/Cofounder
0001670254-21-000305	1	PHARM ROBOTICS, LLC	Marinus Dijkstra	CEO & Co-Founder
0001823177-21-000003	1	Million Marker Wellness, Inc.	Jenna Hua	CEO
0001670254-21-000303	1	LiteraSeed, LLC	Aziza Ismail	Founder/CEO
0001665160-21-000279	1	AWOL Outdoors, Inc d/b/a Camp365	Kevin McGregor	CEO, Principal Executive Officer and Director, Principal Financial Officer and Principal Accounting Officer
0001791747-21-000001	1	Oomi Inc.	/s/ Obi Onyejekwe	Chief Executive Officer
0001670254-21-000301	1	Hele Fitness LLC	Brook Emanuel	Co-Founder & Strategist
0001665160-21-000277	1	OFFIX USA LLC	Lior David	CEO, Principal Executive Officer and Director, Principal Financial Officer and Principal Accounting Officer
0001838216-21-000001	1	Strom Motors Inc.	Pratik Gupta	CEO
0001746059-21-000115	1	Roast Umber, LLC	Bradley Gakenheimer	CEO and Co-Founder
0001670254-21-000299	1	Sun & Swell Inc.	Bryan Flynn	COO & Secretary
0001670254-21-000297	1	Eat Good Do Good, Inc.	John Sorial	Founder & Managing Partner
0001746059-21-000114	1	Trouvaille Brewing Company, LLC	Cody Powell	CFO and Co-Owner
0001838793-21-000004	1	TREND Walbrook Junction Investors LLC	Lyneir Richardson	CEO of The Chicago TREND Corporation, the manager
0001827897-21-000001	1	Freeman Berkshires, LLC	Daniel Dus	As Manager, Managing Partner of Shared Estates Asset Fund, GP, the Manager of, Shared Estates Fund 1, LLC
0001665614-21-000003	1	Sharswood 1CF,LLC	J. Brian Murray	Managing member, SHARSWOOD 1, SPNSRS, LLC
0001842021-21-000003	1	Predictiv Care, Inc.	Sajung Yun	CEO, Director
0001746059-21-000113	1	Magic Valley Brewing LLC	Richard White	Owner and CoFounder
0001842021-21-000002	1	Predictiv Care, Inc.	Sajung Yun	CEO, Director
0001670254-21-000293	1	ClashTV Holdings, Inc.	Ivan Isakov	Co-Founder & CEO
0001689683-21-000001	1	OUR LIFE FOODS, INC.	Christopher Fontenot	CEO
0001730100-21-000001	1	Witnet Foundation	Daniele Levi	President
0001746059-21-000112	1	Magic Valley Brewing LLC	Richard White	Owner and CoFounder
0001850785-21-000002	1	GET TO WORK INC.	/s/James Chapman	CEO, Director
0001670254-21-000291	1	EnGen Bio, LLC	Dr. Mark Alfenito	President & CEO
0001670254-21-000290	1	The Co-Own Company LLC	Jason Lewiston	President
0001670254-21-000288	1	Two's Koa Productions LLC	Joshua Dizon	Writer and Director
0001670254-21-000287	1	Univoice Corporation	Sami Halabi	Founder | CEO
0001746059-21-000111	1	DEBELLATION BREWING CO.	David Goodell	Owner and CEO
0001665160-21-000274	1	Honeybee Burger, Inc.	Adam Weiss	CEO, Principal Executive Officer and Director, Principal Financial Officer and Principal Accounting Officer
0001670254-21-000285	1	The Big Fix LLC, DBA CarLocity	Peter Difilippantonio	Founder & CEO
0001822817-21-000004	1	TFI International Sales Inc	Tae Young Lee	President
0001670254-21-000283	1	4th Ave Market Inc.	Salim Holder	Co-Founder / Chief Executive Officer
0001670254-21-000282	1	Bizfluence, Inc.	Jacob Davis	CEO
0001670254-21-000281	1	Yes Chef App, Inc.	Kevin Winston	Founder
0001849824-21-000002	1	FromScratchFood LLC	Claudia Rovegno	Co-Owner
0001670254-21-000280	1	Immersed Inc.	Renji Bijoy	Founder & CEO/CTO
0001849824-21-000001	1	Thyme Management LLC	Kimberly Agnew	Owner
0001670254-21-000279	1	Treefort, LLC	Eric Gilbert	Festival Director, Talent Buyer, Co-Founder
0001213900-21-014507	1	Work Hard Play Hard Train Hard, Inc.	/s/ William Zanker	Chief Executive Officer, President and Director
0001533849-21-000002	1	Oscilla Power, Inc.	/s/ BALAKRISHNAN NAIR	PRESIDENT & CTO
0001670254-21-000277	1	HYYH Co.	Marina Tran-Vu	Founder & CEO
0001670254-21-000275	1	Reset Button Inc.	Rob Hunter	CEO
0001669191-21-000258	1	BBQ IN THE PARK, INC.	Blaine Patterson	Principal Executive Officer
0001669191-21-000256	1	3rdDegree, LLC	Shauna Holland	Principal Executive Officer
0001669191-21-000254	1	Carii, Inc.	Denise Hayman-Loa	Principal Executive Officer
0001669191-21-000252	1	Ontacad, Inc.	Medhat Ahmed	Principal Executive Officer
0001669191-21-000250	1	ReelwUrld, Inc	Jan  Lucanus	Principal Executive Officer
0001669191-21-000248	1	TrippBio, Inc.	Billy Meadow	Principal Executive Officer
0001669191-21-000246	1	Defynance Holdings, Inc.	Farrukh Siddiqui	Principal Executive Officer
0001669191-21-000244	1	Monetran, LLC	Don Bielak	Principal Executive Officer
0001669191-21-000242	1	Transparent Path spc	Eric Weaver	Principal Executive Officer
0001669191-21-000239	1	PetroFunders Inc.	Ryan Werking	Principal Executive Officer
0001669191-21-000237	1	BNNano, Inc.	Steve Wilcenski	Principal Executive Officer
0001669191-21-000233	1	Hubsai, Inc.	Mike Ghodoosian	Principal Executive Officer
0001669191-21-000231	1	Timed Health Corporation	James  Applebach	Principal Executive Officer
0001670254-21-000273	1	Red Hat Coffee	James Darenkamp	Cofounder & CFO
0001808550-21-000015	1	Latin Dead LLC	Brenden Tacon	Managing Member
0001746059-21-000110	1	DEBELLATION BREWING CO.	David Goodell	Owner and CEO
0001828208-21-000001	1	Dweller Affordable ADU Portfolio, LLC	Patrick Quinton	President of the manager, Dweller, Inc
0001670254-21-000271	1	GEOTOLL, INC.	Richard Carrier	CEO
0001670254-21-000270	1	Maisonx, LLC	Jesse Pliner	Founder & CEO
0001670254-21-000269	1	Immersed Inc.	Renji Bijoy	Founder & CEO/CTO
0001670254-21-000272	1	Olly Awake, LLC	Kevin Terry Smith	President & Founder
0001783532-21-000001	1	Moku Foods Inc.	Matthew Feldman	Chief Executive Officer
0001830909-21-000002	1	6d bytes inc.	/s/ Vipin Jain	Co-Founder & CEO
0001477932-21-001330	1	Kiddie, Inc.	/s/ Alberto Prieto	Chief Executive Officer, Director
0001581437-21-000001	1	DIGITAL DREAM LABS, INC	H. Jacob Hanchar	CEO
0001826663-21-000003	1	FERMYON INC	/s/ Sriram Subramanian	President and CEO
0001670254-21-000267	1	Kyndoo, Inc	Kelly McDonald	CEO and Co-Founder
0001829147-21-000003	1	Arena Technology LLC	Jose Percival Palesel	CEO
0001669191-21-000229	1	Jinglz, Inc.	David Markowski	Principal Executive Officer
0001669191-21-000227	1	Dashible, Inc.	Marvin Johnson	Principal Executive Officer
0001670254-21-000266	1	EVRMORE CO.	Ivy Mahscio	Founder + CEO
0001747584-21-000006	1	BlocPower Energy Services 3 LLC	Cullen Kasunic	Manager, Chief Financial Officer
0001746059-21-000109	1	Dazed Brewing, LLC	Joshua Breault	Owner and Founder
0001670254-21-000265	1	The Florida CANE Distillery, INC.	Lee Nelson	Owner
0001634025-21-000001	1	PittMoss LLC	Brian Scott	CEO
0001836102-21-000001	1	VidVod Media, Inc.	Neal Tiles	CEO
0001670254-21-000264	1	Paw Power, Inc.	Anja Skodda	Founder / CEO
0001670254-21-000263	1	Vin Social Corporation	Sara Moll	Founder & CEO
0001808550-21-000012	1	Latin Dead LLC	Brenden Tacon	Managing Member
0001670254-21-000262	1	Baru Inc.	Tino Go	CEO & Co-Founder
0001687516-21-000001	1	Corsica Innovations, Inc.	Jonathan Ofir	CEO & Co-Founder
0001770023-21-000001	1	Hit Reset LLC	Siri Chakka	CEO
0001834420-21-000001	1	SwayBrand Inc.	Horace L. Flournoy	Co-Founder & Chief Executive Officer
0001670254-21-000258	1	Global Foods Group, LLC	Pete Ferrari	President
0001670254-21-000256	1	Empire State Greenhouses, LLC	Louis Ferro	President and Chairman
0001716822-21-000001	1	70 Million Resources, Inc.	Richard Bronson	CEO
0001737679-21-000003	1	DIGIBUILD SOFTWARE, INC.	Robert Salvador	Chief Executive Officer
0001665160-21-000273	1	Saucy Brew Works LLC	Brent Zimmerman	CEO, Principal Executive Officer and Director/Manager
0001670254-21-000260	1	Life Magnetics, Inc.	Kevin Hagedorn	President
0001843387-21-000001	1	Irrigreen Inc	Shane Dyer	CEO
0001747584-21-000005	1	National Energy Improvement Fund, LLC	Peter Krajsa	Managing Member
0001477932-21-001253	1	Kiddie, Inc.	/s/ Alberto Prieto	Chief Executive Officer, Director
0001669191-21-000220	1	WWF Holdings, Inc.	Lonnie Johnson	Principal Executive Officer
0001669191-21-000218	1	SampleServe, Inc.	Russell Schindler	Principal Executive Officer
0001836927-21-000002	1	Tonic Coffee LLC	Stephanie Nicolaas	Owner
0001774981-21-000001	1	Abjuration Brewing LLC	David Hallam	Co-Owner
0001669191-21-000216	1	The Feel Good Lab LLC	Ryan Gresh	Principal Executive Officer
0001746059-21-000108	1	Hammered Dwarf, LLC	John Flemming	Owner and CoFounder
0001746059-21-000107	1	Perlage Sparkling Wine Club, Inc.	Matthew Demma	Owner and Founder
0001746059-21-000106	1	Katies Kitchen Too, LLC	Katlyn Rodriguez	Owner and President
0001746059-21-000105	1	Marco Bianca, LLC	Alex Stratta	CoOwner and Head Chef
0001746059-21-000104	1	1507 Pizza N Brew, LLC	Frank Segretti	Owner and Founder
0001746059-21-000103	1	Southern Hideout, LLC	Nathaniel Chisley	Owner and CoFounder
0001670254-21-000254	1	Vegan Fine Brands, Inc.	Steven Smith	Founder and CEO
0001746059-21-000102	1	D Colosso Di Rodi, LLC	Andrew Hendricks	Owner and CoFounder
0001670254-21-000252	1	GigKloud, Inc.	D. William Zero	Chief Executive Officer
0001726537-21-000002	1	Trip360 Ltd	Avraham Amar	CEO, Director
0001726537-21-000001	1	PISTIL & POLLEN, LLC	Amy Dannemiller	Chief Executive Officer
0001729128-21-000002	1	Serface Care, Inc.	Georgiy Laptevsky	CEO
0001790166-21-000002	1	Compound Projects, LLC	Janine Yorio	Chief Executive Officer
0001669191-21-000214	1	Deuce Drone LLC	Rhett Ross	Principal Executive Officer
0001669191-21-000211	1	Brain Game LS Inc.	DWAYNE SAMUELS	Principal Executive Officer
0001670254-21-000251	1	Eat Good Do Good, Inc.	John Sorial	Founder & Managing Partner
0001669191-21-000208	1	Timed Health Corporation	James  Applebach	Principal Executive Officer
0001670254-21-000250	1	Swingman Thoroughbred Corp.	George Hall	President and CEO
0001665160-21-000271	1	Mazarine, Inc.	Jamin Finlaw	CEO, Principal Executive Officer and Director, Principal Financial Officer and Principal Accounting Officer
0001670254-21-000248	1	Social Media Gateways, Inc.	Moses Kusasira	CEO
0001665160-21-000270	1	Eli Electric Vehicles, Inc.	Binhan Li	CEO, Principal Executive Officer and Director, Principal Financial Officer and Principal Accounting Officer
0001665160-21-000267	1	Parvus Capital Corp dba Terra Biotics	Jared Elliott	CEO, Principal Executive Officer and Director, Principal Financial Officer and Principal Accounting Officer
0001665160-21-000266	1	Ryca Motors, Inc.	Casey Stevenson	CEO, Principal Executive Officer and Director, Principal Financial Officer and Principal Accounting Officer
0001670254-21-000246	1	Vestigo Adventures, LLC	Marshall Mosher	Founder/CEO at Vestigo
0001665160-21-000265	1	Phil Layton	Phil Layton	CEO, Principal Executive Officer and Director, Principal Financial Officer and Principal Accounting Officer
0001760678-21-000001	1	County Route Catering, Inc.	Mark Ganem	Owner
0001834350-21-000002	1	Paybby Corp	Hassan Miah	Founder and CEO
0001686984-21-000001	1	Snailz, Inc.	Darren Sardoff	CEO
0001746059-21-000101	1	Old Majestic Brewing Company, LLC	Chad Marchand	Co-Founder
0001665160-21-000263	1	Airto, Inc	Shi Li	CEO, Principal Executive Officer and Director, Principal Financial Officer and Principal Accounting Officer
0001669191-21-000192	1	Energy Exploration Technologies, Inc.	Teague Egan	Principal Executive Officer
0001670254-21-000240	1	Wind Harvest Pilot Project Inc.	Kevin Wolf	President, Co-Founder
0001670254-21-000241	1	Wind Harvest Pilot Project Inc.	Kevin Wolf	President, Co-Founder
0001670254-21-000244	1	EmRays Gourmet Inc.	Raymond DeRosa	Founder & CEO
0001665160-21-000262	1	In Force Technology, Inc.	BRANDON D. FLANAGAN	President, Chief Executive Officer,  Principal Executive Officer and Director
0001746059-21-000100	1	Brubakers Cafe & Bakery, LLC	Jacob Mullikin	Co-Owner
0001670254-21-000242	1	Wind Harvest Pilot Project Inc.	Kevin Wolf	President, Co-Founder
0001823177-21-000002	1	Million Marker Wellness, Inc.	Jenna Hua	CEO
0001839580-21-000001	1	Fanalyze, Inc	Juan Juan	CEO, Director
0001670254-21-000238	1	Red Hat Coffee	James Darenkamp	Cofounder & CFO
0001844509-21-000001	1	SurfUp, Inc.	Chris Hissom	President, CEO, and Chairman
0001847854-21-000001	1	Wing It On Wheels, LLC	Manuel Duarte	CO-OWNER
0001837254-21-000001	1	HT Naturals Inc.	Zayn Kalyan	President
0001843971-21-000001	1	Audubon Bioscience Co.	Rostyslav Semikov	CEO
0001670254-21-000236	1	Bizfluence, Inc.	Jacob Davis	CEO
0001846950-21-000001	1	Inspired by Spirits LLC	Jesse Mader	Founding Partner
0001793782-21-000002	1	AVY Entertainment, Inc.	Andrey Yanyuk	CEO
0001838793-21-000003	1	TREND Walbrook Junction Investors LLC	Lyneir Richardson	CEO of The Chicago TREND Corporation, the manager
0001670254-21-000235	1	Curtiss Motorcycle Company, Inc.	H Matthew Chambers	CEO + Chairman of the Board
0001746059-21-000099	1	Coach Eatery Co.	Aljandro Perez	CoOwner and CFO
0001670254-21-000234	1	Toffee, Inc.	Yousef Abdulhassan	Founder
0001846817-21-000002	1	Yosteria LLC	Alex Zordich	Owner
0001834612-21-000001	1	Trip360 Ltd	Avraham Amar	CEO, Director
0001670254-21-000232	1	Natural Solutions Direct, Inc.	Michael Sciucco	Founder and CEO
0001669191-21-000190	1	The Feel Good Lab LLC	Ryan Gresh	Principal Executive Officer
0001665160-21-000260	1	MentalHappy Inc	Tamar Lucien Blue	CEO, Principal Executive Officer and Director, Principal Financial Officer and Principal Accounting Officer
0001746059-21-000098	1	701 Ops, Inc.	Shelby Terstriep	President
0001665160-21-000259	1	Boku International Inc	Lynn Rolle	CEO, Principal Executive Officer and Director, Principal Financial Officer and Principal Accounting Officer
0001665160-21-000258	1	Hitch Hotel Inc.	Geoff Patterson	CEO, Principal Executive Officer and Director, Principal Financial Officer and Principle Accounting Officer
0001665160-21-000257	1	Hawaiian Ola Brewing Corp	Brett Jacobson	CEO, Principal Executive Officer and Director, Principal Financial Officer and Principal Accounting Officer
0001746059-21-000097	1	WanderLinger Brewing Company, LLC	Christopher Dial	Owner and CoFounder
0001746059-21-000096	1	Pilger Ruh Brewing, LLC	Anthony Deppen	Owner and CoFounder
0001644600-21-000009	1	Uroshape, LLC	Ralph Zipper	Chief Executive Officer
0001747584-21-000003	1	National Energy Improvement Fund, LLC	Peter Krajsa	Managing Member
0001665160-21-000256	1	CycleBoard LLC	Phillip LaBonty	CEO, Principal Executive Officer and Director, Principal Financial Officer and Principal Accounting Officer
0001747584-21-000004	1	National Energy Improvement Fund, LLC	Peter Krajsa	Managing Member
0001670254-21-000230	1	Planted Recovery, INC	Scott Ankeny	CEO
0001620704-21-000001	1	MED-X, INC.	Ronald J. Tchorzewski by Sean Fuellhart, POA	CFO
0001820285-21-000003	1	Kobrelms LLC	/s/ Joseph Yuyi	Founder & CEO
0001747584-21-000002	1	National Energy Improvement Fund, LLC	Peter Krajsa	Managing Member
0001670254-21-000229	1	Sircles Media Inc.	Danny Hinkle	Co-Founder, COO
0001665160-21-000253	1	ChallengeHop Inc.	Andrea Nerep	CEO, Principal Executive Officer and Director, Principal Financial Officer and Principal Accounting Officer
0001644600-21-000007	1	Minfo Americas Benefits Corp	Roland Storti	Chief Executive Officer
0001670254-21-000227	1	Playmaker Recruiting LLC	Joseph Fischer	Founder - CEO
0001670254-21-000225	1	Resolution 8 Technologies, Inc.	Scott Seidewitz	Founder/CEO
0001746059-21-000095	1	DEBELLATION BREWING CO.	David Goodell	CEO
0001670254-21-000223	1	Coffee Shift Inc	Tyler Pinckard	Founder, CEO
0001746059-21-000094	1	Tuck N Reds, LLC	Charles Harrell	CEO
0001670254-21-000222	1	VISPIRI Inc.	Tom Lix	Founder/Chief Executive Officer
0001670254-21-000220	1	RealtyHive LLC	Wade T Micoley	CEO & Founder
0001670254-21-000219	1	MagNet Analytics, Inc.	Eduardo Alvarez	CEO
0001670254-21-000218	1	OsNovum	Gregory Steiner	CEO SteinerBio and OsNovum
0001665160-21-000248	1	CycleBoard, Inc.	Phillip LaBonty	CEO, Principal Executive Officer and Director, Principal Financial Officer and Principal Accounting Officer
0001670254-21-000216	1	GRAF Medical Imaging, Inc.	Gary Kohler	President/CEO
0001833503-21-000002	1	American Vanity LLC	Greg Zilberbrand by Sean Fuellhart POA	COO
0001665160-21-000245	1	The NoBaked Company	Megan Feeman	CEO, Principal Executive Officer and Director, Principal Financial Officer and Principal Accounting Officer
0001670254-21-000215	1	El Condor, LLC	Nicolas Simon	CEO
0001746059-21-000093	1	WhoaStir Coffee, LLC	Jonathan Bonilla-Bowman	Owner and Founder
0001833503-21-000001	1	GenBio Inc.	Todd Sonoga by Sean Fuellhart POA	Director
0001746059-21-000092	1	Jamie Sheree Edwards	Jamie Edwards	Owner and Founder
0001746059-21-000091	1	5280 Beer Company, LLC	Hunter Wood	CEO
0001665160-21-000243	1	Franny's Manufacturing Inc	Franny Tacy	CEO, Principal Executive Officer and Director, Principal Financial Officer and Principal Accounting Officer
0001746059-21-000090	1	701 Ops, Inc.	Shelby Terstriep	President
0001665160-21-000240	1	COLORS Worldwide Inc.	Jabari Johnson	CEO, Principal Executive Officer and Director, Principal Financial Officer and Principal Accounting Officer
0001665160-21-000238	1	Goffee, Inc.	Vincent Meyer	CEO, Principal Executive Officer, and Director, Principal Financial Officer, and Principal Accounting Officer
0001665160-21-000234	1	Honeybee Burger Inc.	Adam Weiss	CEO, Principal Executive Officer and Director, Principal Financial Officer and Principal Accounting Officer
0001665160-21-000232	1	Van Robotics, Inc.	Laura Boccanfuso	CEO, Principal Executive Officer and Director, Principal Financial Officer and Principal Accounting Officer
0001665160-21-000230	1	Clear Genius Inc.	Harry R. Kraatz	CEO, Principal Executive Officer and Director
0001665160-21-000229	1	MF Fire, Inc.	Paul LaPorte	CEO, Principal Executive Officer and Director
0001746059-21-000089	1	Cabo Vegan Inc	Tome Andrade	COO & CoFounder
0001670254-21-000214	1	Sircles Media Inc.	Danny Hinkle	Co-Founder, COO
0001841197-21-000003	1	Western Reserve Distillers LLC	Kevin Thomas	CEO
0001845758-21-000001	1	Abletek, Inc.	Ravindra Singh	CEO
0001841197-21-000002	1	Western Reserve Distillers LLC	Kevin Thomas	CEO
0001665160-21-000224	1	Life Imaging Fla, Inc.	J. Thomas Graham	CEO, Principal Executive Officer and Director, Principal Financial Officer and Principal Accounting Officer
0001670254-21-000206	1	mySongbird Inc	Michael Mountford	Founder/CEO
0001665160-21-000222	1	Zeehaus Inc.	Justin Lee	CEO, Principal Executive Officer and Director, Principal Financial Officer and Principal Accounting Officer
0001833328-21-000001	1	Savers Village, LLC	Darryl Scipio Esq.	Manager of the Manager, DS Real Estate Investors, LLC
0001670254-21-000212	1	TRADEAUTHORITY LLC	Charlie Davis	President
0001670254-21-000208	1	Vin Social Corporation	Sara Moll	Founder & CEO
0001835222-21-000002	1	Guidance Enterprises LLC	Jason Ridgel	Owner
0001791609-21-000001	1	Supervest, LLC	Jeremy Morton	Founder & Chief Executive Officer
0001827264-21-000009	1	TFI International Sales Inc	Tae Young Lee	President
0001665160-21-000220	1	CycleBoard, Inc.	Phillip LaBonty	CEO, Principal Executive Officer and Director, Principal Financial Officer and Principal Accounting Officer
0001834402-21-000005	1	AphriHelios Global LLC	Darin Hickman	CEO
0001746059-21-000088	1	Pizza Grace, LLC	Ryan Westover	Owner and Founder
0001746059-21-000087	1	Rule G Brewing Company, LLC	Ralph Rapa	Owner and CoFounder
0001670254-21-000204	1	Learn with ORION LLC	Christine Outram	Chief Executive Officer
0001669191-21-000188	1	Northstar Technologies Group, Inc.	Paul Inglese	Principal Executive Officer
0001808444-21-000002	1	John Hayden Brand LLC	John Hayden	CEO
0001751606-21-000001	1	FAVER, INC.	Brandon Towner	Chief Executive Officer
0001822923-21-000002	1	ORION Electronics Co Inc.	Paul Perkins	CEO
0001670254-21-000203	1	Learn with ORION LLC	Christine Outram	Chief Executive Officer
0001670254-21-000201	1	Kiwi Campus Inc	Felipe Chvez Corts	Chief Executive Officer
0001808444-21-000001	1	John Hayden Brand LLC	John Hayden	CEO
0001791845-21-000001	1	Leafwire, Inc.	Peter Vogel	Chief Executive Officer
0001669191-21-000185	1	Talla Inc.	Gunnar Link	Principal Executive Officer
0001665160-21-000217	1	Innovative Eyewear Inc	Harrison Gross	CEO, Principal Executive Officer, Director
0001813064-21-000002	1	PLM Brands, Corp	/s/ Elizabeth Kost	CEO
0001669191-21-000182	1	Hiveskill LLC	Sophia Becker	Principal Executive Officer
0001670254-21-000199	1	Ai Incube, Inc.	Eyal Amir	CEO
0001830878-21-000005	1	Craftspace, Inc.	Gregg F. Howell	COO
0001665160-21-000214	1	BIOCURITY PHARMACEUTICALS INC.	MerchantCass Advisors, LLC Nancy Cass	Principal Executive Officer
0001665160-21-000213	1	Locking Line Barriers Corp	Joseph Daniluk	CEO, Principal Executive Officer and Director, Principal Financial Officer, Secretary, and Principal Accounting Officer
0001665160-21-000211	1	AEXLAB, Inc.	Jonathan Ovadia	Co-Founder and CEO, Principal Executive Officer and Director, Principal Financial Officer and Principal Accounting Officer.
0001780439-21-000008	1	Upstryve Inc.	Noah Isidore Davis	CEO
0001665160-21-000209	1	iPill inc	John Hsu MD	CEO, Principal Executive Officer and Director, Principal Financial Officer and Principal Accounting Officer
0001670254-21-000197	1	optiPulse, Inc.	Mathis Shinnick	COO
0001669191-21-000180	1	Zelgor Inc	John Fanning Jr	Principal Executive Officer
0001670254-21-000195	1	Mesh Communities Inc.	Jess Wise	Founder & Chief Executive Officer
0001669191-21-000178	1	MYXR Inc	Hans Koch	Principal Executive Officer
0001669191-21-000176	1	Hiveskill LLC	Sophia Becker	Principal Executive Officer
0001665160-21-000204	1	Rayton Solar Inc.	Andrew Yakub	CEO, Principal Executive Officer and Director, Principal Financial Officer and Principal Accounting Officer
0001831335-21-000001	1	PADL Holdings LLC	Andres Avello	CEO & Founding Partner
0001665160-21-000206	1	ONE ROQ Spirits LLC	J.  Garrett Green	CEO, Principal Executive Officer and Director, Principal Financial Officer and Principal Accounting Officer
0001670254-21-000194	1	MagNet Analytics, Inc.	Eduardo Alvarez	CEO
0001839294-21-000007	1	1865GEBA LLC	Dan Mayzum	CEO, Owner
0001670254-21-000193	1	Toffee, Inc.	Yousef Abdulhassan	Founder
0001846065-21-000001	1	CISAPP Online Inc.	Palem Imran Mohammed	CEO & Director
0001665160-21-000203	1	Bolt Mobility Corp	Ignacio Tzoumas	CEO, Principal Financial Officer and Principal Accounting Officer
0001665160-21-000202	1	Rayton Solar, Inc.	Andrew Yakub	CEO, Principal Executive Officer and Director, Principal Financial Officer and Principal Accounting Officer
0001822345-21-000001	1	Asaak Financial Services Ltd	Kaivan Sattar	CEO, Director
0001665160-21-000200	1	HyperSciences, Inc.	Mark Russell	CEO, Principal Executive Officer and Director
0001665160-21-000199	1	Rayton Solar, Inc.	Andrew Yakub	CEO, Principal Executive Officer and Director, Principal Financial Officer and Principal Accounting Officer
0001670254-21-000192	1	NAVISGO LLC DBA NAVISYO	Alexander Michaels	Founder
0001746059-21-000086	1	Duplex Entertainment LLC	DeHaven Barnes	Owner and Founder
0001665160-21-000197	1	Hundy, Inc.	Peter Budlong	CEO, Principal Executive Officer and Director, Principal Financial Officer and Principal Accounting Officer
0001831368-21-000002	1	Rogue Space Systems Corp	Jeromy Grimmett by Sean Fuellhart POA	CEO
0001665160-21-000195	1	Tapville Franchising, Inc.	Joseph Tota	CEO, Principal Executive Officer and Director, Principal Financial Officer and Principal Accounting Officer
0001773322-21-000001	1	Mompops, Inc.	Stephanie Cohen	Co-Owner
0001820404-21-000002	1	Healthy Hip Hop, Inc.	Roy Scott	Chief Executive Officer
0001670254-21-000191	1	EFORMSPILOT CORP	Donatas Kairys	Founder/President
0001670254-21-000189	1	Kaboodle, Inc.	Larry Loyd	CEO
0001477932-21-001031	1	Kiddie, Inc.	/s/ Alberto Prieto	Chief Executive Officer, Director
0001670254-21-000188	1	Atreyu Group Holdings Corporation	George Kledaras	CEO
0001669191-21-000173	1	The Feel Good Lab LLC	Ryan Gresh	Principal Executive Officer
0001670254-21-000187	1	Neighborhood Sun Benefit Corp	Gary Skulnik	CEO
0001716974-21-000002	1	WitFoo, Inc.	Tim Bradford	CEO
0001670254-21-000186	1	The Teacher Marketplace, LLC	Nathaniel G Brogadir	Co-Founder
0001665160-21-000192	1	OHDF Franchise, Inc.	Dennis McKinley	CEO, Principal Executive Officer and Director, Principal Financial Officer and Principal Accounting Officer
0001669191-21-000171	1	TrafficGenius, Inc.	Scott Murdoch	Principal Executive Officer
0001832495-21-000002	1	MStreetX, Inc	David Rixter by Sean Fuellhart POA	CEO
0001669191-21-000169	1	Deuce Drone LLC	Rhett Ross	Principal Executive Officer
0001665160-21-000191	1	SoloQi Corp	Solo Avital	CEO, Principal Executive Officer and Director, Principal Financial Officer and Principal Accounting Officer
0001844167-21-000005	1	RoboCash, Inc.	Adrian E. Garcia	CEO
0001670254-21-000181	1	PayDownHero, Inc.	Kenneth Sargavakian	Founder + CEO
0001670254-21-000183	1	Sisterhood Productions LLC	Kerri Lynn Miller	Actor, Writer, Director.
0001835812-21-000001	1	FullSkoop, Inc.	Siddharth Sahni	President
0001665160-21-000190	1	Liberty PlugIns, Inc.	Chris Outwater	CEO, Principal Executive Officer and Director
0001670254-21-000185	1	Cortex Automation Inc.	Matt Peters	Chief Customer Officer
0001845389-21-000001	1	Illumnus Inc	Akash Deep Singhal	CEO, Director
0001820404-21-000001	1	Healthy Hip Hop, Inc.	Roy Scott	Chief Executive Officer
0001665160-21-000189	1	Angry Boy Inc.	Andrew Fitzgerald	CEO, Principal Executive Officer and Director, Principal Financial Officer and Principal Accounting Officer
0001640709-21-000001	1	Bellhop Technologies Inc.	Payam Safa	CEO, Director
0001746059-21-000085	1	Settle Down, LLC	Giovanni Albanese	Owner and CoFounder
0001746059-21-000084	1	Mindful Mutt, LLC	Deanna Anderson	Owner and Founder
0001670254-21-000180	1	AfterrHome Inc	Lenora Felder	Co-Founder/COO
0001792508-21-000001	1	Linen Mobile, Inc.	/s/Vitaly Bahachuk	Director, President, Chief Executive Officer
0001669191-21-000167	1	Acquire Skills and Knowledge Education Inc.	Ruth Nemire	Principal Executive Officer
0001839394-21-000005	1	Clocr. Inc.	Apoorva Chintala	CEO, Director
0001665160-21-000187	1	Jetson AI Inc.	Peter Peng	Chairman, Founder, CEO, Principal Executive Officer and Director,
0001669191-21-000164	1	SampleServe, Inc.	Russell Schindler	Principal Executive Officer
0001665160-21-000184	1	The Studio Kitchen Company	Michael Cafarelli	CEO, Principal Executive Officer and Director, Principal Financial Officer and Principal Accounting Officer
0001670254-21-000177	1	Aquaborne LLC	Nodar Narsavidze	Founder / Managing Partner
0001670254-21-000174	1	Doselva PBC	Jefferson Shriver	CO-Founder and CEO
0001670254-21-000178	1	InnaMed, Inc.	Eshwar Inapuri	CEO
0001670254-21-000172	1	Sizigi3, Inc.	Tony Malz	Founder & Chief Executive Officer
0001746059-21-000083	1	Stoneman Brewery LLC	Justin Korby	Owner and Founder
0001670254-21-000170	1	HoonCo LLC	Jon Ebner	President and CEO
0001665160-21-000181	1	Naboso Technology, Inc.	Emily Splichal	CEO, Principal Executive Officer and Director, Principal Financial Officer and Principal Accounting Officer
0001844167-21-000004	1	RoboCash, Inc.	Adrian E. Garcia	CEO
0001477932-21-000952	1	Kiddie, Inc.	/s/ Alberto Prieto	Chief Executive Officer, Director
0001746059-21-000082	1	Drawing Board Brewing Company, LLC	Core Lynch	Owner and Founder
0001846817-21-000001	1	Yosteria LLC	Alex Zordich	Owner
0001746059-21-000081	1	Hiatus Wine, LLC	Henri Gaeddert	Owner and CoFounder
0001665160-21-000179	1	Atmos Home Inc.	Mark Lyle	CEO, Principal Executive Officer and Director, Principal Financial Officer and Principal Accounting Officer
0001670254-21-000168	1	PPC Ad Editor, Inc.	Charles Sayasith	Chief Executive Officer
0001830792-21-000001	1	KGJMK Opco Inc.	James Shih	CEO, Director
0001844167-21-000003	1	RoboCash, Inc.	Adrian E. Garcia	CEO
0001670254-21-000167	1	T4L INC	Allen Witters	CEO
0001665160-21-000173	1	Trella Technologies LLC	Aja Atwood	CEO, Principal Executive Officer and Manager, Principal Financial Officer and Principal Accounting Officer
0001835459-21-000001	1	Lynx City LLC	Alan Moisio	CEO, Manager
0001670254-21-000166	1	The Teacher Marketplace, LLC	Nathaniel G Brogadir	Co-Founder
0001140361-21-005213	1	ATHR Beauty Co	/s/ Tiila Abbitt	CEO and Founder
0001842998-21-000002	1	Triangle Foundry LLC	Karyna Kerin	President
0001746059-21-000080	1	Duplex Entertainment LLC	DeHaven Barnes	Owner and Founder
0001845595-21-000001	1	Jules Foods,Inc	JULIE VAN DAM	CEO
0001845908-21-000001	1	131 Shiloh LLC	Brian Gorder	President
0001665160-21-000172	1	ZenSpace Inc	Mayank Agrawal	CEO, Principal Executive Officer and Director, Principal Financial Officer and Principal Accounting Officer
0001670254-21-000164	1	Counter-Intuitive Cooking Inc.	Maxwell Wieder	CEO and Co-Founder
0001669191-21-000162	1	MAGFAST LLC	Seymour Segnit	CEO
0001533849-21-000001	1	Oscilla Power, Inc.	/s/ BALAKRISHNAN NAIR	PRESIDENT & CTO
0001670254-21-000163	1	BLISS BEVERAGES LLC	Martin Moresco	Co-Founder & Chief Executive Officer
0001665160-21-000171	1	KapitalWise, Inc.	Sajil Koroth	CEO, Principal Executive Officer, and Director, Principal Financial Officer, and Principal Accounting Officer
0001669191-21-000161	1	ACK Right Endeavors LLC	Jack McDaniel	Principal Executive Officer
0001665160-21-000169	1	microsurgeonbot,inc	Allan Grosvenor	CEO, Principal Executive Officer, Director, Principal Financial Officer and Principal Accounting Officer
0001665160-21-000168	1	No-H2O USA Inc	Emmet O'Brien	CEO, Principal Executive Officer and Director, Principal Financial Officer and Principal Accounting Officer
0001665160-21-000167	1	IX Power Clean Water, Inc.	John R. (Grizz) Deal	CEO, Principal Executive Officer and Director
0001665160-21-000166	1	Sol Boards, Inc.	John Wildman	CEO, Principal Executive Officer and Director, Principal Financial Officer and Principal Accounting Officer
0001665160-21-000165	1	Northeast Productions, Inc.	William R. Graening	CEO, Principal Executive Officer and Director, Principal Financial Officer and Principal Accounting Officer
0001669191-21-000159	1	C-REVEAL THERAPEUTICS LLC	Thomas Haag	Principal Executive Officer
0001670254-21-000162	1	My Divorce Party LLC	Desiree Staples	Executive Producer - Divorce Party: The Movie
0001669191-21-000155	1	MUSTWATCH LLC	Chelinde Edouard	Principal Executive Officer
0001670254-21-000161	1	Toffee, Inc.	Yousef Abdulhassan	Founder
0001669191-21-000153	1	Neurotez Inc.	Nikolaos Tezapsidis	Principal Executive Officer
0001213900-21-009461	1	Jeffrey Nadel	/s/ Jeffrey Nadel	CEO & Director
0001670254-21-000160	1	Footy Dreams Group LLC	Lucas Babson	Co Founder & Technical Director
0001665160-21-000164	1	Swabbies Tech, Inc.	Carman Cook	CEO, Principal Executive Officer and Director
0001665160-21-000163	1	A7FL Inc	Sener Korkusuz	CEO, Principal Executive Officer and Director, Principal Financial Officer and Principal Accounting Officer
0001838915-21-000001	1	Ready Set Jet, Inc.	Shalini Vadhera	CEO & Sole Director
0001830878-21-000004	1	Craftspace, Inc.	Gregg F. Howell	COO
0001670254-21-000159	1	Gluten-Free Kingdom LLC	Jovani Prince	Founder/CEO
0001670254-21-000158	1	Automated Coffee Shop, Inc	Adrian Michael Deasy	Founder and CEO
0001835918-21-000001	1	Back Alley Brewing Co	Patrick McKinley	Member
0001821177-21-000002	1	Plant An App, Inc.	Bogdan Litescu	CEO, Director
0001823663-21-000001	1	OTIS Dental, Inc.	Andrew Lee	CEO, Director
0001670254-21-000154	1	Persistence Data Mining, Inc.	Brian Zamudio	CEO
0001665160-21-000162	1	One Roq Spirits, LLC	J. Garrett Green	CEO, Principal Executive Officer and Director, Principal Financial Officer and Principal Accounting Officer
0001670254-21-000156	1	Dine Direct LLC	Ralph Burleson	Chief Executive Officer
0001836520-21-000001	1	Benson Watch Company, LLC	Barry Marcel Benson	CEO, Director
0001842021-21-000001	1	Predictiv Care, Inc.	Sajung Yun	CEO, Director
0001644600-21-000004	1	Minfo Americas Benefits Corp	Roland Storti	Chief Executive Officer
0001670254-21-000152	1	The Teacher Marketplace, LLC	Nathaniel G Brogadir	Co-Founder
0001670254-21-000151	1	ASTRALABS INC.	Andrew Ryan	Founder & CEO @ ASTRALABS
0001670254-21-000149	1	Intellisea, LLC	Joseph Krystofik	CEO / President
0001670254-21-000147	1	WayOut Kids Inc	Jd Davis	CEO/President
0001670254-21-000146	1	PointerTop, Inc.	Jason Junge	CEO
0001670254-21-000144	1	Viveka Inc	Katja Kempe	CEO & Founder
0001670254-21-000143	1	Unwrinkly Inc	Naren Inukoti	Founder & CEO
0001670254-21-000142	1	GEOTOLL, INC.	Richard Carrier	CEO
0001746059-21-000079	1	Teton Bagel, LLC	Ryan Bestor	Owner and Founder
0001670254-21-000141	1	CorneaCare, Inc	Ranjodh Singh	CEO
0001817343-21-000002	1	Desert Cannalytix LLC	Malorie La Fuente by Sean Fuellhart POA	CEO
0001665160-21-000161	1	SkillSoniq, Inc.	Abhinav Verma	CEO, Principal Executive Officer and Director, Principal Financial Officer and Principal Accounting Officer
0001834402-21-000004	1	AphriHelios Global LLC	Darin Hickman	CEO
0001746059-21-000078	1	Gentile Brewing Company, LLC	Paul Gentile	Owner and CoFounder
0001746059-21-000077	1	Sporty Dog Creations, LLC	La Shauna Jones	Owner and Founder
0001669191-21-000150	1	GenesisAI Corporation	Archil Cheishvili	Principal Executive Officer
0001670254-21-000136	1	One Biosciences, Inc.	Ty Burgess	Founder & CEO
0001670254-21-000138	1	Swingman Thoroughbred Corp.	George Hall	President and CEO
0001670254-21-000135	1	Kidd & Truvillion-Kemp Inc	Alicia Kidd	Co-Founder
0001670254-21-000137	1	Scrap Film LLC	Vivian Kerr	Director / Writer
0001670254-21-000140	1	HEREYOUGO TECHNOLOGIES INC.	Konstantin Maslennikov	CEO
0001670254-21-000139	1	HEREYOUGO TECHNOLOGIES INC.	Konstantin Maslennikov	CEO
0001816346-21-000001	1	KarSavior Inc	/s/ Christiaan Best	CEO, CFO, Secretary
0001669191-21-000148	1	BNNano, Inc.	Steve Wilcenski	Principal Executive Officer
0001665160-21-000158	1	La Fayette Franchise, Inc.	Nicolas Billaud	Co-CEO, Principal Executive Officer and Director, Principal Financial Officer and Principal Accounting Officer
0001670254-21-000134	1	BROWNRIGG HARD CIDER, LLC	Christopher Scott Brownrigg	Owner, Cidermaker
0001833112-21-000002	1	MicroSalt Inc.	/s/ Konrad Dabrowski	Treasurer, Secretary, and CFO
0001670254-21-000131	1	Harlan County Beer Company, LLC	Geoff Marietta	Founder
0001821518-21-000001	1	C P Rocketry INC	Nathan Tahbaz	CEO
0001789130-21-000003	1	Audink Inc.	Erik Young	CEO, President
0001789130-21-000002	1	Audink Inc.	Erik Young	CEO, President
0001665160-21-000156	1	MojiLala, Inc.	Dana Loberg	CEO, Principal Executive Officer and Director, Principal Financial Officer and Principal Accounting Officer
0001670254-21-000130	1	Launch Inc.	Brian Stollery	Co-Founder & CEO
0001746059-21-000076	1	DEBELLATION BREWING CO.	David Goodell	CEO
0001789130-21-000001	1	Audink Inc.	Erik Young	Chief Executive Officer, President
0001746059-21-000075	1	TIEF, LLC	Franklin Tiefenauer	Owner and Founder
0001746059-21-000074	1	Island Scoops, LLC	Walter Loos	Owner and CoFounder
0001669191-21-000146	1	Jinglz, Inc.	David Markowski	Principal Executive Officer
0001670254-21-000129	1	Launch Inc.	Brian Stollery	Co-Founder & CEO
0001835638-21-000001	1	Kokus Inc.	Carli Blum	CEO
0001670254-21-000127	1	StackSource, Inc.	Tim Milazzo	Co-founder & CEO
0001746059-21-000073	1	JK WILLIAMS DISTILLING, LLC	Andrew Faris	President
0001779469-21-000001	1	Shift, LLC	Brock Heasley	CEO
0001670254-21-000125	1	Bamboo Ecologic Corp	Troy Carter	Chief Strategy Officer
0001669191-21-000143	1	Artificial Intelligence Economic Development Corporation	Leonard S.   Johnson Ph.D. student	Principal Executive Officer
0001669191-21-000141	1	Phoenix PharmaLabs Inc	William W Crossman	Principal Executive Officer
0001669191-21-000137	1	BNNano, Inc.	Steve Wilcenski	Principal Executive Officer
0001665160-21-000155	1	R3 Printing, Inc.	Paul Sieradzki	Director; Treasurer; Head of Product; Chief Executive Officer; President of R3 Printing, Inc.
0001665160-21-000154	1	In Force Technology, Inc.	BRANDON D. FLANAGAN	President, Chief Executive Officer,  Principal Executive Officer and Director
0001833081-21-000001	1	Compostable Inc.	Monique Figueiredo	CEO
0001669191-21-000131	1	Hubsai, Inc.	Mike Ghodoosian	Principal Executive Officer
0001780439-21-000007	1	Crypto Asset Rating Inc.	Pramod Attarde	Co-Founder & CEO
0001669191-21-000129	1	Zelgor Inc	John Fanning Jr	Principal Executive Officer
0001669191-21-000127	1	Foot Glove Performance Footwear Inc.	Uganda Williams	Principal Executive Officer
0001669191-21-000125	1	Laegacy Inc.	Dwi Sutandar	Principal Executive Officer
0001670254-21-000124	1	AllerPops Corp	Cliff Han	Founder and CEO
0001665160-21-000152	1	Flash Scientific Technology Inc.	Jason Deese	CEO, Principal Executive Officer and Director, Principal Financial Officer and Principal Accounting Officer
0001833050-21-000002	1	DSC Hospitality LLC	Richard Stanza	Member
0001665160-21-000149	1	Vegan Fine Brands, Inc.	Steven Smith	CEO, Principal Executive Officer and Director, Principal Financial Officer and Principal Accounting Officer
0001477932-21-000691	1	Kiddie, Inc.	/s/ Alberto Prieto	Chief Executive Officer, Director
0001835335-21-000001	1	ITM, Inc.	Steven Renbaum	CEO, Director
0001670254-21-000120	1	PROTXX Inc	John Ralston	CEO and Founder
0001670254-21-000118	1	PredictSys Inc.	Abhinav Chandra	CEO
0001670254-21-000122	1	AUTONOMOUS MOTOR SPORT LEAGUE INC	Akin Shoyoye	Co-Founder & CEO @ AP Racing
0001665160-21-000148	1	Kationx Corp.	William J. Cox	CEO and Chairman and Corporate Secretary, Principal Executive Officer and Director, Principal Financial Officer and Principal Accounting Officer
0001809554-21-000001	1	Citizens Holdings LLC	Justin Giuffrida	Co-Founder, Co-Manager
0001823421-21-000001	1	Remedy Processors LLC	Jason Burstein	CEO
0001665160-21-000145	1	XTI Aircraft Co	Robert LaBelle	CEO, Principal Executive Officer and Director
0001665160-21-000143	1	Earthwise Sorbents, Inc.	Jim Mullen	President and Director, Principal Financial Officer and Principal Accounting Officer
0001832281-21-000001	1	PLLAY Labs Incorporated	Shawn Gunn	CEO
0001816536-21-000001	1	IPD Products, Inc.	/s/ Howard Nelson	President & CEO
0001670254-21-000117	1	Caribbean Smooth, LLC	Nigel Walwyn	Founder/CEO
0001791558-21-000001	1	EME Squared LLC	Eric Earnest	Owner
0001670254-21-000116	1	BLISS BEVERAGES LLC	Martin Moresco	Co-Founder & Chief Executive Officer
0001669191-21-000118	1	Foot Glove Performance Footwear Inc.	Uganda Williams	Principal Executive Officer
0001670254-21-000115	1	PopCultivator Comics, Inc.	Josh Blaylock	Chief Creative & Executive Officer
0001829147-21-000001	1	Arena Technology LLC	Jose Percival Palesel	CEO
0001844448-21-000008	1	HealthTech Solutions Inc	Dalton Shaull	CEO
0001843648-21-000001	1	Beacons AI, Inc.	Neal Jean	CEO & Director
0001670254-21-000111	1	EVRMORE CO.	Ivy Mahscio	Founder + CEO
0001833698-21-000001	1	Techtracker Inc/DE	Jesper Qvist	CEO
0001670254-21-000113	1	LAWRENCEVILLE PLASMA PHYSICS, INC.	Eric J. Lerner	President and Chief Scientist
0001826436-21-000002	1	Manta Biofuel, Inc.	Ryan Powell	CEO
0001670254-21-000114	1	FLORASCENTIALS, INC.	Randy Weiss	CEO, President & Chief Scientific Officer
0001826436-21-000001	1	Manta Biofuel, Inc.	Ryan Powell	CEO
0001812192-21-000001	1	BuildStream Technologies Inc.	/s/ Terence Clarke	CEO & Director
0001830917-21-000002	1	HighRes Labs, Inc.	Qiliang Wang by Sean Fuellhart POA	CEO
0001746059-21-000072	1	Brass Knuckle Brewing Company, LLC	Kyle Lenke	Owner and Founder
0001665160-21-000141	1	Fluz App Inc	Maurice Harary	CEO, Principal Executive Officer and Director, Principal Financial Officer and Principal Accounting Officer
0001665160-21-000140	1	GoBQ Grills, Inc.	Todd Zaroban	CEO, Principal Executive Officer and Director, Principal Financial Officer and Principal Accounting Officer
0001746059-21-000071	1	Mushin Bar, LLC	Babatunde Afolabi	Owner and CoFounder
0001746059-21-000070	1	Charlie Foxtrot Brewing, LLC	Nicolas York	Co-Owner
0001823032-21-000002	1	Lit IO Inc.	Michael Nylif	CEO
0001746059-21-000069	1	SPORKconcepts LLC	Jeffrey Olsen	Owner
0001670254-21-000110	1	Ad Fontes Media, Inc.	Vanessa Otero	Founder and CEO
0001670254-21-000109	1	Worth Network Inc	Patrick Kim	Founder at Worth Network Inc
0001670254-21-000108	1	OsNovum	Gregory Steiner	CEO SteinerBio and OsNovum
0001670254-21-000107	1	Toffee, Inc.	Yousef Abdulhassan	Founder
0001640334-21-000279	1	TROPICAL RACING INC	/s/ Troy Levy	President and Chief Executive Officer
0001830852-21-000001	1	Respect The Writer 2 LLC	Curtis McKinnon	Director
0001839110-21-000001	1	Smart Home Sentry, Inc.	Uday Kiran Chaka	CEO, Director
0001670254-21-000103	1	Grazr Inc	Thomas Cunningham	Chief Executive Officer
0001670254-21-000105	1	Mobileteer Inc.	David McDonald	Co-Founder
0001737679-21-000001	1	DIGIBUILD SOFTWARE, INC.	Robert Salvador	Chief Executive Officer
0001746059-21-000068	1	Fork & Fire's Neighborhood Wings, LLC	Joshua Bishop	Owner and CoFounder
0001670254-21-000102	1	AlwaysNear - Villages, Inc.	Tyce Fitzmorris	Founder, CEO, Chairman of the Board
0001670254-21-000101	1	Blue Gold Works Inc.	Lynn Langford	Founder/CEO
0001746059-21-000067	1	Mushin Bar, LLC	Babatunde Afolabi	Owner and CoFounder
0001640334-21-000274	1	TROPICAL RACING INC	/s/ Troy Levy	President and Chief Executive Officer
0001844167-21-000002	1	RoboCash, Inc.	Adrian E. Garcia	CEO
0001828889-21-000001	1	precursor SPC	Clive G. Cook	Co-Founder & Chief Executive Officer
0001836185-21-000001	1	Green Clouds LLC.	Keithian Sammons	Manager
0001827389-21-000001	1	NODE40 Inc.	Perry Woodin	CEO
0001669191-21-000115	1	Dashible, Inc.	Marvin Johnson	Principal Executive Officer
0001780439-21-000006	1	Upstryve Inc.	Noah Isidore Davis	CEO
0001670254-21-000100	1	Fan Owned Club, Inc.	Steve Paris	Cofounder
0001822801-21-000001	1	KhemoSafe Inc.	Louis M. Soto by Sean Fuellhart POA	CEO
0001821177-21-000001	1	Plant An App, Inc.	/s/ Bogdan Litescu	CEO
0001746059-21-000066	1	Fresh Start Market, Inc.	Bonnie Corso	President
0001746059-21-000065	1	Charlie Foxtrot Brewing, LLC	Nicolas J York	Owner and CoFounder
0001746059-21-000064	1	Great Road Equity Partners, Inc	Dan Millen	Owner and CoFounder
0001104659-21-012009	1	Gab AI Inc	/s/ Andrew Torba	Chief Executive Officer
0001670254-21-000097	1	Crowd Diligence Inc.	JB Joseph	President & Co-Founder
0001670254-21-000095	1	Worth Network Inc	Patrick Kim	Founder at Worth Network Inc
0001746059-21-000063	1	Moxi On The Rocks LLC	Tomas Nenortas	Co-Founder
0001665160-21-000138	1	Taste Labs, Inc.	John Lin	CEO, Principal Executive Officer and Director, Principal Financial Officer and Principal Accounting Officer
0001799941-21-000001	1	Procertas LLC	Joseph Colucci	Manager
0001826663-21-000002	1	FERMYON INC	Sriram Subramanian	President and CEO
0001665160-21-000136	1	OFFIX USA LLC	Lior David	CEO, Principal Executive Officer and Director, Principal Financial Officer and Principal Accounting Officer
0001670254-21-000094	1	The Block Distilling Company, LLC	Michelle Weaver	founder & organizer (The Bookie)
0001830909-21-000001	1	6d bytes inc.	Vipin Jain	Co-Founder & CEO
0001805056-21-000001	1	NanoVMs, Inc.	Ian Eyberg	CEO & Director
0001670254-21-000092	1	AKT Pictures LLC	Akemi Tosto	Executive Producer/Writer/Director
0001808907-21-000001	1	Drink Monday Inc.	Christopher Boyd	CEO
0001782819-21-000001	1	Little Dreams LLC	Marie Miller	CEO
0001826440-21-000001	1	UV One Hygienics Inc.	Dora Suppes by Sean Fuellhart POA	CEO
0001746059-21-000062	1	Perlage Sparkling Wine Club, Inc.	Matthew Demma	Owner and Founder
0001799343-21-000002	1	Go Buddha LLC	Joshua Ingraham	Owner
0001669191-21-000113	1	AllTheBelts LLC	Timothy Childs	Principal Executive Officer
0001746059-21-000061	1	Hood Relics LLC	Amy Collado	Owner and Founder
0001669191-21-000111	1	OmniValley, Inc.	James Buchanan	Principal Executive Officer
0001669191-21-000109	1	Northstar Technologies Group, Inc.	Paul Inglese	Principal Executive Officer
0001670254-21-000091	1	Oxford Hounds Inc.	James Tulin	CEO
0001826663-21-000001	1	FERMYON INC	Sriram Subramanian	President and CEO
0001790424-21-000001	1	GreenZone Pharms	Daniel Marlow by Sean Fuellhart POA	CEO
0001670254-21-000089	1	DOJO PLUS INC	Juno Jo	CEO & Founder
0001830365-21-000001	1	VerseBooks Inc.	DELENCE A. SHEARES SR. By Sean Fuellhart POA	Chairman
0001670254-21-000087	1	The Studio Creative Group, LLC	Joseph Maxwell	Founder & CEO
0001782494-21-000001	1	Ratio Holdings, LLC	Mark Hellweg	CEO & Director
0001746059-21-000060	1	7th Street Slider Bar, LLC	Zachary Meldrum	Owner and Founder
0001833112-21-000001	1	MicroSalt Inc.	/s/ Konrad Dabrowski	Treasurer, Secretary, and CFO
0001830829-21-000001	1	FourQ Technologies Inc.	Elizabeth Cooper	Co-Founder, Co-CEO, COB
0001669191-21-000107	1	RedOak Instruments, LLC	Richard Behlmann	Principal Executive Officer
0001665160-21-000134	1	Alelo Inc.	W. Lewis Johnson	President, CEO, Chief Financial Officer, and Chairman of the Board
0001839828-21-000001	1	Backstage Capital, LLC	Arlan Hamilton	Manager
0001834651-21-000001	1	Black Cat Market LLC	Olivia Ciotoli	Co-Owner
0001669191-21-000105	1	Energy Exploration Technologies, Inc.	Teague Egan	Principal Executive Officer
0001778787-21-000002	1	Hidrent Inc.	David Heimbuch	CEO, Director
0001778787-21-000001	1	Flexable LLC	Priya Amin	CEO and Manager
0001669191-21-000103	1	The Feel Good Lab LLC	Ryan Gresh	Principal Executive Officer
0001804624-21-000001	1	MONKEY WRENCH BREWING COMPANY, LLC	David Wayne Baxter	CEO
0001670254-21-000083	1	Splitsy, LLC	Brad Starnes	President & Co-Founder
0001746059-21-000059	1	Coolship.IO, LLC	Benjamin Holmes	Owner and Founder
0001670254-21-000085	1	Bodha Inc	Karl  Cadet	Co-Founder/CEO
0001670254-21-000082	1	The Block Distilling Company, LLC	Michelle Weaver	founder & organizer (The Bookie)
0001670254-21-000080	1	Haint Blue Brewing Company LLC	Keith Sherrill	Founder
0001665160-21-000133	1	Flash Scientific Technology Inc.	Jason Deese	CEO, Principal Executive Officer and Director, Principal Financial Officer and Principal Accounting Officer
0001842998-21-000001	1	Triangle Foundry LLC	Karyna Kerin	CEO
0001746059-21-000058	1	Forrest Hill Brewing Co LLC	Craig Penno	Managing Partner
0001746059-21-000057	1	American Brewers Inc.	Thomas McGuire	COO
0001670254-21-000079	1	OSCAR Brands Inc.	Oscar de Vries	CEO & Founder
0001670254-21-000077	1	Roomongo, Inc.	Patrick O'Hara	Co-Founder/CEO
0001669191-21-000100	1	Eyes 4 Lives, Inc.	Roger Wu	Principal Executive Officer
0001670254-21-000075	1	DonTruck Inc	Leo Pardo	Chief Executive Officer - CEO
0001670254-21-000074	1	LAWRENCEVILLE PLASMA PHYSICS, INC.	Eric J. Lerner	President and Chief Scientist
0001665160-21-000130	1	Thirty Three Threads, Inc. d/b/a ToeSox d/b/a Tavi Noir	Gill Hong	CEO, Principal Executive Officer and Director
0001815319-21-000001	1	STM Hospitality, LLC	Kevin Floyd	CEO and President
0001831785-21-000001	1	Organic Amazon Corp.	Werner Batista	CEO, Director
0001842950-21-000001	1	Traxler Littlejohn Enterprises, LLC	Traxler Littlejohn	CEO
0001793079-21-000001	1	PiQPiQ, Inc.	Edward Lerner	CEO, Director
0001746059-21-000056	1	Gorges Brewing LLC	Steven Preece	CEO
0001746059-21-000055	1	Domaselo, LLC	Emil Hristov	CEO
0001746059-21-000054	1	Trader's Cache, LLC	Nathaniel Morsches	Owner and CoFounder
0001819232-21-000002	1	WizHero LLC	Viorel Emilian Teodorescu by Sean Fuellhart POA	CEO
0001746059-21-000053	1	LOCHIEL BREWING LLC	Ian Cameron	Owner and Founder
0001746059-21-000052	1	MMGT, Inc.	Gerald Christian	Owner and Founder
0001817190-21-000001	1	Livewell Assisted Living, Inc	Justin Beckett by Sean Fuellhart POA	CEO
0001666102-21-000002	1	SKYWIDE REAL ESTATE INTERNATIONAL LLC	Tianyuan Gu	Chairman
0001666102-21-000001	1	Quasi Rent LLC	Chun Hin Leung	Founder & CEO
0001817144-21-000001	1	Service Write, Inc.	David Marcus Aman	CEO, Director
0001670254-21-000071	1	The Block Distilling Company, LLC	Michelle Weaver	founder & organizer (The Bookie)
0001665160-21-000126	1	Swabbies Tech, Inc.	Carman Cook	CEO, Principal Executive Officer and Director
0001839529-21-000004	1	Meadow Simple Living Community Development LLC	Doug Jennings	Principal of the Issuer's Managing Member
0001670254-21-000068	1	AllerPops Corp	Cliff Han	Founder and CEO
0001835960-21-000001	1	Audio Cardio, Inc.	Chris Ellis	CEO, Director
0001836525-21-000003	1	DJ Screw Doc LLC	Joseph Litzinger	Manager
0001839529-21-000003	1	Meadow Simple Living Community Development LLC	Doug Jennings	Principal of the Issuer's Managing Member
0001746059-21-000051	1	R & A Culinary Creations, LLC	Roland Williams	Owner and Founder
0001665160-21-000123	1	Eyedaptic, Inc.	Jay Cormier	CEO, Principal Executive Officer and Director, Principal Financial Officer and Principal Accounting Officer
0001687278-21-000001	1	Vital Leaf, Inc	Christina Sasser	CEO
0001812932-21-000001	1	Unikorn Inc.	Srivatsava Gorthy	Founder and CEO
0001780439-21-000003	1	Lunchwale,Inc.	Gopi Kantamneni	CEO & Founder
0001665160-21-000121	1	Como Audio, Inc	Thomas DeVesto	CEO, Principal Executive Officer and Director, Principal Financial Officer and Principal Accounting Officer
0001841741-21-000001	1	STRUT Learning, Inc.	Mitch Schneider	CEO
0001665160-21-000120	1	Honeyfund.com, Inc.	Sara Margulis	CEO, Principal Executive Officer and Director, Principal Financial Officer and Principal Accounting Officer
0001665160-21-000118	1	Clear Genius Inc.	Harry R. Kraatz	CEO, Principal Executive Officer and Director
0001836525-21-000001	1	DJ Screw Doc LLC	Joesph Paul Litzinger	Manager
0001746059-21-000050	1	Los Jefes Next Level Eats, LLC	Nikki Irving	Owner and Founder
0001669191-21-000097	1	TrafficGenius, Inc.	Scott Murdoch	Principal Executive Officer
0001829951-21-000002	1	Swedesboro Brewing Co LLC	Kevin Bain	Officer/Member
0001669191-21-000094	1	Zelgor Inc	John Fanning Jr	Principal Executive Officer
0001669191-21-000092	1	MILLENNIAL FERTILITY CO. LLC	Philip Bock	Principal Executive Officer
0001670254-21-000066	1	25 Bough Street Inc.	Idrees Lanre Ajakaiye	Founder, 25 Bough Street
0001821320-21-000001	1	Stojo Products, Inc.	/s/ Jurrien Swarts	CEO & Director
0001670254-21-000065	1	Elite Amateur Fight League, Inc.	Jesse Nunez	Founder / Executive Producer, Marine Corps Veteran
0001665160-21-000117	1	SkillSoniq Inc.	Abby Verma	CEO, Principal Executive Officer and Director, Principal Financial Officer and Principal Accounting Officer
0001813064-21-000001	1	PLM Brands, Corp	Elizabeth Kost	CEO
0001644600-21-000002	1	EdenLedger, Inc.	Michael Golomb	Founder and CEO
0001665160-21-000115	1	SkillSoniq Inc.	Abby Verma	CEO, Principal Executive Officer and Director, Principal Financial Officer and Principal Accounting Officer
0001665160-21-000113	1	SitTight, Inc.	Scott Bahneman	CEO, Principal Executive Officer and Director, Principal Financial Officer and Principal Accounting Officer
0001670254-21-000064	1	Armbrust Inc.	Lloyd Armbrust	Founder and CEO
0001669191-21-000089	1	Orbital Assembly Corporation	John Blincow	Principal Executive Officer
0001665160-21-000112	1	Thalia Brands, Inc.	Chris Bradley	CEO, Principal Executive Officer and Director, Principal Financial Officer and Principal Accounting Officer
0001746059-21-000049	1	Coquette LLC	Caitlin Olsen	Owner and Founder
0001828669-21-000001	1	ChaseArt LLC	Jose Nicomedes Moreira	CEO
0001670254-21-000060	1	Element Apothec, Inc.	Davina Fernholtz	Co-Founder & Chief Executive Officer
0001670254-21-000059	1	Boaz Bike LLC	Emil I NNANI	CEO
0001096906-21-000148	1	DeRosa Capital 11, LLC	/s/ Matthew Faircloth	Managing Memberhttps://www.edgarfiling.sec.gov/formCHome.html?session=uV2pF3lKGkn32e9rPf2pJ_ehAy7elI0UAPB_mURj#
0001746059-21-000048	1	PIECEMEAL LLC	Justin Barrett	Owner and Founder
0001835175-21-000001	1	Kibbo Inc.	Colin O'Donnell	CEO, Director
0001819232-21-000001	1	WizHero LLC	Viorel Emilian Teodorescu by Sean Fuellhart POA	CEO
0001670254-21-000057	1	American Ultimate Disc League, LLC	Andrew S Lloyd	Chief Financial Officer
0001818530-21-000001	1	Salt Point Meadery LLC	Eric DeRise	Owner
0001669191-21-000087	1	ChipBrain LLC	Lisa Vo	Principal Executive Officer
0001836325-21-000001	1	Fanchise League Co LLC FCF Team 4, LLC	Sohrob Farudi	CEO
0001836323-21-000001	1	Fanchise League Co LLC FCF Team 3, LLC	Sohrob Farudi	CEO
0001836320-21-000001	1	Fanchise League Co LLC FCF Team 2, LLC	Sohrob Farudi	CEO
0001836307-21-000001	1	Fanchise League Company, LLC - FCF Team 1 LLC	Sohrob Farudi	CEO
0001840594-21-000001	1	24 HR Truck Services LLC	Victoria Fredrick	COO
0001670254-21-000052	1	Fabulous Technologies Inc.	Hesam Jafari	CEO
0001831368-21-000001	1	Rogue Space Systems Corp	Jeromy Grimmett by Sean Fuellhart POA	CEO
0001665160-21-000111	1	MentalHappy Inc	Tamar Lucien Blue	CEO, Principal Executive Officer and Director, Principal Financial Officer and Principal Accounting Officer
0001841197-21-000001	1	Western Reserve Distillers LLC	Kevin Thomas	CEO
0001665160-21-000110	1	Ryca Motors, Inc.	Casey Stevenson	CEO, Principal Executive Officer and Director, Principal Financial Officer and Principal Accounting Officer
0001746059-21-000047	1	Big Thicket Distilling Co LLC	Jacob Mullikin	Co-Owner
0001665160-21-000109	1	Capsul inc.	Tina Cheng	CEO, Principal Executive Officer and Director, Principal Financial Officer and Principal Accounting Officer
0001746059-21-000045	1	Trouvaille Brewing Company, LLC	Cody Powell	CFO and Co-Owner
0001828174-21-000001	1	CyH.COM LLC	Daniel Haggart	Manager
0001746059-21-000044	1	Big Thicket Distilling Co LLC	Joseph Breda	CEO
0001830917-21-000001	1	HighRes Labs, Inc.	Qiliang Wang by Sean Fuellhart POA	CEO
0001665160-21-000108	1	Fluz App Inc	Maurice Harary	CEO, Principal Executive Officer and Director, Principal Financial Officer and Principal Accounting Officer
0001670254-21-000050	1	AppleSeed Capital, Inc. d/b/a AppleSeed Companies, Inc.	A.J. Ripin	Chief Strategy Officer & Treasurer
0001746059-21-000043	1	Amani Nicol Wellness LLC	Nikia Brown Sweeney	Owner
0001746059-21-000042	1	DEBELLATION BREWING CO.	David Goodell	CEO
0001669191-21-000085	1	Northstar Technologies Group, Inc.	Paul Inglese	Principal Executive Officer
0001670254-21-000048	1	Benevet Social Purpose Corporation	Dan Guralnick	Co-founder and CEO
0001826237-21-000001	1	SLN Management, LLC	Bernardo Hasbach	CFO/COO
0001839529-21-000002	1	Meadow Simple Living Community Development LLC	Doug Jennings	Principal of the Issuer's Managing Member
0001477932-21-000410	1	Kiddie, Inc.	/s/ Alberto Prieto	Chief Executive Officer, Director
0001670254-21-000047	1	Entre Corporation	Michael Marra	CEO
0001827264-21-000007	1	TFI International Sales, Inc.	/s/Tae-Young Lee	President
0001835222-21-000001	1	Guidance Enterprises LLC	Jason Ridgel	Owner
0001669191-21-000083	1	WWF Holdings, Inc.	Lonnie Johnson	Principal Executive Officer
0001669191-21-000081	1	Forever Young Technologies, INC	Juan  Young	Principal Executive Officer
0000732935-21-000002	1	Here To Serve Holding Corp	Paul Riss by Sean Fuellhart POA	CEO
0001830012-21-000001	1	DCDT LLC	David Tran	Founder, CTO, co-CEO
0001821386-21-000001	1	Quim Rock, Inc.	Rachel Washtien	COO
0001828741-21-000001	1	Bao Brewhouse LLC	Michael Swift	Owner
0001669191-21-000078	1	WWF Holdings, Inc.	Lonnie Johnson	Principal Executive Officer
0001722137-21-000001	1	Upshift Inc.	Ezra Goldman	Chief Executive Officer, President
0001821201-21-000002	1	Bloomi, Inc.	Rebecca Story	CEO & Director
0001670254-21-000042	1	Atense Inc	John Almeida	Founder and CEO
0001746059-21-000041	1	Body Doctor, LLC	Maleek Jackson	Owner and Founder
0001836806-21-000001	1	Nvstr Technologies Inc.	Bernard George	Founder & CEO
0001665160-21-000107	1	Curtiss Motorcycle Company, Inc.	Herbert Matthew Chambers	Chairman/CEO
0001670254-21-000044	1	SUKAD Project Portfolio Management Solutions, Corp	Mounir A. Ajam	CEO/Managing Partner/President
0001670254-21-000041	1	Groomit Inc.	Sohel Kapadia	CEO
0001670254-21-000039	1	productbox, Inc.	Erik Spangenberg	CEO
0001669191-21-000075	1	MUSTWATCH LLC	Chelinde Edouard	Principal Executive Officer
0001669191-21-000073	1	Vymedic Inc.	Cynthia Winning	Principal Executive Officer
0001669191-21-000071	1	Energy Exploration Technologies, Inc.	Teague Egan	Principal Executive Officer
0001669191-21-000069	1	Deuce Drone LLC	Rhett Ross	Principal Executive Officer
0001670254-21-000037	1	SousZen Inc.	Stephen King	CEO
0001670254-21-000036	1	Heroic Enterprises, Public Benefit Corporation	Brian Johnson	Founder and CE
0001830878-21-000003	1	Craftspace, Inc.	Gregg F. Howell	COO
0001830878-21-000002	1	Craftspace, Inc.	Gregg F. Howell	COO
0001669191-21-000067	1	Berylline Corporation	Dennis  Dresser	Principal Executive Officer
0001669191-21-000062	1	Transparent Path spc	Eric Weaver	Principal Executive Officer
0001669191-21-000060	1	Hubsai, Inc.	Mike Ghodoosian	Principal Executive Officer
0001830878-21-000001	1	Craftspace, Inc.	Gregg F. Howell	COO
0001746059-21-000040	1	Pizza Grace, LLC	Ryan Westover	Owner and Founder
0001822543-21-000001	1	Tenacity Holdings, LLC	Tessa Kennedy	President/Chief Manager
0001746059-21-000039	1	Carolina Smoke LLC	Emily Dale	Owner and Manager
0001104659-21-006448	1	Uroshape, LLC	/s/ Ralph Zipper	Chief Executive Officer
0001670254-21-000033	1	Paw Power, Inc.	Anja Skodda	Founder / CEO
0001670254-21-000032	1	HunniCo, Company	Karin Butler	CEO
0001670254-21-000030	1	ASTRALABS INC.	Andrew Ryan	CEO @ASTRALABS
0001670254-21-000029	1	Project M Group LLC	Enrique Abeyta Ubillos	CEO & Founder
0001746059-21-000038	1	Jefferson Fry Company, LLC	Emmet Moore	Owner and CoFounder
0001669191-21-000057	1	ChipBrain LLC	Lisa Vo	Principal Executive Officer
0001746059-21-000037	1	Jolie Rogers, LLC	Andrew Rogers	Owner and CoFounder
0001746059-21-000036	1	Brato Brewhouse & Kitchen LLC	Jonathan Gilman	Co-Founder
0000732935-21-000001	1	Here To Serve Holding Corp	Paul Riss by Sean Fuellhart POA	CEO
0001746059-21-000035	1	Lowe Management Services LLC	Steven Lowe	Owner and Founder
0001746059-21-000034	1	Coliseum Dreams, LLC	Ranada Riley	Owner and Founder
0001746059-21-000033	1	CGK ON NEWBURY LLC	Jose DeSouza	Owner and CoFounder
0001746059-21-000032	1	DEBELLATION BREWING CO.	David Goodell	CEO
0001670254-21-000027	1	Enclave Digital Development Company, Inc.	Rory Semple	Co-Founder
0001819920-21-000001	1	8 Myles LLC	Myles Powell	President
0001669191-21-000055	1	Mosquito Steve, Inc.	Steve Moore	Principal Executive Officer
0001670254-21-000026	1	Vibetech Enterprises, LLC	Edward MORGAN	CFO, BOD
0001665160-21-000106	1	Liberty PlugIns, Inc.	Chris Outwater	CEO, Principal Executive Officer and Director
0001670254-21-000024	1	Vlogmi Corporation	Luke Thorssen	Founder and CEO
0001839857-21-000001	1	ChildWise International, LLC	Jing Zhao Cesarone	CEO
0001670254-21-000023	1	Pendram Inc.	Mary June Makoul	CEO and Founder
0001665160-21-000105	1	Barrana Corp.	Mario Rana	CEO, Principal Executive Officer and Director, Principal Financial Officer and Principal Accounting Officer
0001746059-21-000031	1	SWANDIVETUCSON, LLC	Eric Ferrone	Founder
0001683168-21-000199	1	Hemp CR Inc.	/s/ Timothy Morales	Chief Executive Officer
0001669191-21-000053	1	Vymedic Inc.	Cynthia Winning	Principal Executive Officer
0001839310-21-000001	1	Fox & Tree Bakery LLC	Sarah Kaminski	President
0001665160-21-000104	1	Real McCoy Tea Co	Chris McCoy	CEO, Principal Executive Officer and Director
0001839765-21-000001	1	RYSE Creative Village Atlanta, LLC	Jabari Jackson, Sr	President/CEO
0001831893-21-000002	1	Didactic, Inc.	Gagan Biyani	CEO, Director
0001746059-21-000030	1	Domaselo, LLC	Emil Hristov	CEO
0001669191-21-000051	1	Phoenix PharmaLabs Inc	William W Crossman	Principal Executive Officer
0001746059-21-000029	1	Brubakers Cafe & Bakery, LLC	Jacob Mullikin	Co-Owner
0001746059-21-000028	1	1507 Pizza N Brew, LLC	Frank Segretti	Owner and Founder
0001669191-21-000049	1	Demand Derivatives Corp.	Robert Krause	Principal Executive Officer
0001746059-21-000027	1	White Elephant Brewing Company, LLC	Rebecca Quisenberry	COO & CoFounder
0001746059-21-000026	1	Fresh Start Market, Inc.	Bonnie Corso	President
0001827424-21-000002	1	C3 Capital, Inc.	Martin Gallon	CEO
0001670254-21-000022	1	Distilled Bath and Body, Inc.	Erica L Feucht	CEO
0001830560-21-000002	1	Relay	Darrell Pickens	Chief Executive Officer
0001665160-21-000103	1	Knack Inc.	Charles Mellen	CEO, Principal Executive Officer and Director, Principal Financial Officer and Principal Accounting Officer
0001665160-21-000102	1	Angry Boy Inc.	Andrew Fitzgerald	CEO, Principal Executive Officer and Director, Principal Financial Officer and Principal Accounting Officer
0001665160-21-000101	1	BookSniffer Inc.	Sean Hansen	CEO, Principal Executive Officer and Director, Principal Financial Officer and Principal Accounting Officer
0001665160-21-000099	1	BookSniffer Inc	Sean Hansen	CEO, Principal Executive Officer and Director, Principal Financial Officer and Principal Accounting Officer
0001830255-21-000001	1	2Sisters2Sons Co	Michael Brown	Co-Owner
0001669191-21-000047	1	ChipBrain LLC	Lisa Vo	Principal Executive Officer
0001665160-21-000098	1	Prime Lightworks Inc.	Kyle Flanagan	CEO, Principal Executive Officer and Director, Principal Financial Officer and Principal Accounting Officer
0001833050-21-000001	1	DSC Hospitality LLC	Richard Stanza	Member
0001665160-21-000097	1	Carnot Compression Inc.	Todd Thompson	CEO, Principal Executive Officer and Director, Principal Financial Officer and Principal Accounting Officer
0001669191-21-000045	1	Resolve Networks, Inc.	Ted Darr	Principal Executive Officer
0001669191-21-000043	1	T2M LLC	James Anderson	Principal Executive Officer
0001669191-21-000041	1	Deuce Drone LLC	Rhett Ross	Principal Executive Officer
0001669191-21-000039	1	Dj Holdings, LLC	Jason Hebert	Principal Executive Officer
0001665160-21-000096	1	Dan Clark Audio, Inc	Dan Clark	CEO, Principal Executive Officer and Director, Principal Financial Officer and Principal Accounting Officer
0001746059-21-000025	1	Debauchery, LLC	Leanne Kubiez	Owner and Founder
0001665160-21-000095	1	Learnt, Inc.	Andrew Nimmich	CEO, Principal Executive Officer and Director, Principal Financial Officer and Principal Accounting Officer
0001665160-21-000094	1	Kebapolis LLC	Grayson M. Laird	CEO, Principal Executive Officer and Director, Principal Financial Officer and Principal Accounting Officer
0001796295-21-000001	1	Nuu Rez Inc	Noelle Randall by Sean Fuellhart POA	CEO
0001821201-21-000001	1	Tapa, Inc.	Benjamin Steinberg	CEO & Director
0001746059-21-000024	1	ServeBot Corp.	Matthew Jones	Owner and Founder
0001837303-21-000002	1	Twisted Taino Restaurant LLC	Jose Melendez	Owner
0001746059-21-000023	1	Trouvaille Brewing Company, LLC	Cody Powell	CFO and Co-Owner
0001824984-21-000001	1	CountertopSmart, Inc.	/s/Zachary House	CEO, Director
0001665160-21-000093	1	RED EYE LOUIE'S INC	Chander Arora	CEO, Principal Executive Officer and Director, Principal Financial Officer and Principal Accounting Officer
0001665160-21-000090	1	BookSniffer Inc.	Sean Hansen	CEO, Principal Executive Officer and Director, Principal Financial Officer and Principal Accounting Officer
0001665160-21-000089	1	No-H2O USA Inc	Emmet O'Brien	CEO, Principal Executive Officer and Director, Principal Financial Officer and Principal Accounting Officer
0001665160-21-000088	1	Metai Knights Media Inc	Dele Atanda	CEO, Principal Executive Officer and Director, Principal Financial Officer and Principal Accounting Officer
0001799343-21-000001	1	Go Buddha LLC	Joshua Ingraham	Owner
0001670254-21-000020	1	Cedar, Inc.	Adam Finke	CEO & Co-Founder
0001670254-21-000018	1	Immerse Submarine Piloting LLC	Keith Crossland	Founder/Chief Aquanaut
0001670254-21-000017	1	Treefort, LLC	Eric Gilbert	Festival Director, Talent Buyer, Co-Founder
0001683168-21-000165	1	Hemp CR Inc.	/s/ Timothy Morales	Chief Executive Officer
0001840495-21-000001	1	American Stories Entertainment Inc.	Robert Cefail by Sean Fuellhart POA	President
0001809750-21-000002	1	Edible Garden Inc	s/ James Kras	Chief Executive Officer
0001670254-21-000016	1	WebTez, Inc. d/b/a ModVans	Pj Tezza	Co-Founder/CEO
0001670254-21-000015	1	WebTez, Inc. d/b/a ModVans	Pj Tezza	Co-Founder/CEO
0001669191-21-000037	1	MUSTWATCH LLC	Chelinde Edouard	Principal Executive Officer
0001669191-21-000035	1	The Feel Good Lab LLC	Ryan Gresh	Principal Executive Officer
0001836927-21-000001	1	Tonic Coffee LLC	Stephanie Nicolaas	President
0001669191-21-000033	1	ACK Right Endeavors LLC	Jack McDaniel	Principal Executive Officer
0001670254-21-000013	1	Airthium Inc.	Andrei Klochko	CEO and Co-founder
0001765252-21-000001	1	QWIKLEAF LLC	Neil Biafore	CEO
0001818758-21-000001	1	ace care pharmacy management & consulting co	/s/ Wenbo Liu	CEO
0001823177-21-000001	1	Million Marker Wellness, Inc.	Jenna Hua	CEO
0001820285-21-000002	1	Kobrelms LLC	Joseph Yuyi	Founder & CEO
0001669191-21-000031	1	Acquire Skills and Knowledge Education Inc.	Ruth Nemire	Principal Executive Officer
0001746059-21-000022	1	WanderLinger Brewing Company, LLC	Christopher Dial	Owner and CoFounder
0001669191-21-000029	1	Puro Trader, Inc dba Yahyn	Joshua  Leavitt	Principal Executive Officer
0001665160-21-000087	1	REMUV Technologies, Inc.	Braden Reiber	CEO, Principal Executive Officer and Director, Principal Financial Officer and Principal Accounting Officer
0001746059-21-000021	1	Brubakers Cafe & Bakery, LLC	Jacob Mullikin	Co-Owner
0001665160-21-000079	1	Vestaboard, Inc	Dorrian Porter	CEO, Principal Executive Officer and Director, Principal Financial Officer and Principal Accounting Officer
0001669191-21-000027	1	Jinglz, Inc.	David Markowski	Principal Executive Officer
0001669191-21-000025	1	Monetran, LLC	Don Bielak	Principal Executive Officer
0001669191-21-000023	1	Neurotez Inc.	Nikolaos Tezapsidis	Principal Executive Officer
0001746059-21-000020	1	NA Brews Corp.	Ezra Bleau	Owner and Founder
0001746059-21-000019	1	Welserv Industries, Inc	Steven Welser	Owner
0001746059-21-000018	1	Chowderquake, LLC	Carl Lavin	Owner and Founder
0001719369-21-000001	1	ALTO SOLUTIONS, INC.	Eric Satz	CEO, President & Director
0001780439-21-000001	1	Encrypgen Inc.	David Richard Koepsell	Founder and CEO
0001665160-21-000078	1	Quri Vodka Inc.	Jonathan E. Tourgee	CEO, Principal Executive Officer and Director
0001669191-21-000021	1	Backers Inc.	Brian Tinney	Principal Executive Officer
0001669191-21-000019	1	MYXR Inc	Hans Koch	Principal Executive Officer
0001669191-21-000017	1	ReelwUrld, Inc	Jan  Lucanus	Principal Executive Officer
0001831343-21-000002	1	LBBC Holdings LLC	Elizabeth Hartzell	Manager
0001669191-21-000015	1	Zelgor Inc	John Fanning Jr	Principal Executive Officer
0001790166-21-000001	1	Compound Projects, LLC	Janine Yorio	Chief Executive Officer
0001746059-21-000017	1	SPORKconcepts LLC	Jeffrey Olsen	Owner
0001669191-21-000013	1	PetroFunders Inc.	Ryan Werking	Principal Executive Officer
0001669191-21-000011	1	GenesisAI Corporation	Archil Cheishvili	Principal Executive Officer
0001670254-21-000012	1	Wingspan Health Inc	Susanne Fortunato	Founder
0001670254-21-000011	1	Doodeo Inc.	Rony Hage	Founder and CEO
0001838793-21-000002	1	TREND Walbrook Junction Investors LLC	Lyneir Richardson	CEO of The Chicago TREND Corporation, the manager
0001834389-21-000001	1	Driftwood Oven LLC	Neil Blazin	Owner
0001830312-21-000002	1	Medior Inc.	Colin Breeze	President
0001831343-21-000001	1	LBBC Holdings LLC	Elizabeth Hartzell	Manager
0001665160-21-000061	1	Rayton Solar, Inc.	Andrew Yakub	CEO, Principal Executive Officer and Director, Principal Financial Officer and Principal Accounting Officer
0001815564-21-000001	1	Choose Health Services LLC	/s/Mark Holland	CEO, Manager
0001665160-21-000059	1	Northeast Productions, Inc.	William R. Graening	CEO, Principal Executive Officer and Director, Principal Financial Officer and Principal Accounting Officer
0001665160-21-000058	1	SurelyWell, Inc.	Asher Genoot	CEO, Principal Executive Officer and Director, Principal Financial Officer and Principal Accounting Officer
0001665160-21-000057	1	microsurgeonbot,inc	Allan Grosvenor	CEO, Principal Executive Officer, Director, Principal Financial Officer and Principal Accounting Officer
0001727194-21-000001	1	Jassby, Inc.	Benjamin Nachman	Founder, President, & CEO
0001665160-21-000056	1	AtomBeam Technologies Inc.	Charles Yeomans	CEO, Principal Executive Officer and Director, Principal Financial Officer and Principal Accounting Officer
0001838793-21-000001	1	TREND Walbrook Junction Investors LLC	Lyneir Richardson	CEO of The Chicago TREND Corporation, the manager
0001665160-21-000052	1	Clearwater Distilling Co LLC	Matt Eau Claire	CEO, Principal Executive Officer and Director, Principal Financial Officer and Principal Accounting Officer
0001665160-21-000051	1	Eli Electric Vehicles, Inc.	Binhan Li	CEO, Principal Executive Officer and Director, Principal Financial Officer and Principal Accounting Officer
0001665160-21-000050	1	Baqua Inc.	Sandra W. Marlowe	Chief Executive officer and Chairman of the Executive Board, Principal Financial Officer and Principal Accounting Officer.
0001665160-21-000049	1	Charron Favreau, SPC	Kurt Charron	CEO, President, Principal Executive Officer and Director, Principal Financial Officer and Principal Accounting Officer
0001831919-21-000002	1	Red Feather LLC	Brad Bernstein	Owner
0001831919-21-000001	1	Scoot Scoot Cold Brew LLC	Kari DeGraff	President
0001665160-21-000047	1	The Bad Stuff, Inc.	Darren Enenstein	CEO, CFO, Chairman of the Board, and Director
0001833215-21-000001	1	Amia Investments LLC	B. Mohammad Mehdizadehnasrabadi	Manager of Amia Management Group LLC, the Issuer's Managing Member
0001747584-21-000001	1	National Energy Improvement Fund, LLC	Peter Krajsa	Managing Member
0001746059-21-000016	1	Hammered Dwarf, LLC	John Flemming	Owner and CoFounder
0001670254-21-000010	1	Quirktastic, Inc.	Bryanda Law	Founder and CEO
0001833954-21-000001	1	Big Bear Cafe LLC	Stuart Davenport	CEO
0001746059-21-000015	1	1487 Brewpub I, LLC	Benjamin King	Owner and Founder
0001746059-21-000014	1	FROG JUICE INC	Carrie Greishaw	Owner and CEO
0001746059-21-000013	1	Perillas Food LLC	James Choi	Owner and Founder
0001670254-21-000008	1	TFT Media Ventures Inc.	Alfred Cardenas	CEO & Founder
0001816601-21-000001	1	Creative 3D Technologies, Inc.	/s/ Ethan Baehrend	Founder & CEO
0001665160-21-000045	1	Trella Technologies LLC	Aja Atwood	CEO, Principal Executive Officer and Manager, Principal Financial Officer and Principal Accounting Officer
0001665160-21-000042	1	BIONICLOGIC INC	Joshua Goldstein	President and CEO, Principal Executive Officer and Director
0001665160-21-000043	1	Noble Naturals	David Allred	CEO, Principal Executive Officer and Director, Principal Financial Officer and Principal Accounting Officer
0001665160-21-000044	1	Airgility, inc.	Pramod Raheja	CEO, Principal Executive Officer and Director, Principal Financial Officer and Principal Accounting Officer
0001828173-21-000002	1	Verge Brewing LLC	Pete Bender	Owner Manager
0001665160-21-000041	1	Signature Athletics, Inc.	Dan Soviero	CEO, Principal Executive Officer and Director, Principal Financial Officer and Principal Accounting Officer
0001665160-21-000040	1	Gift of College, Inc.	Wayne Weber	CEO, Principal Executive Officer and Director, Principal Financial Officer and Principal Accounting Officer
0001746059-21-000012	1	1507 Pizza N Brew, LLC	Frank Segretti	Owner and Founder
0001665160-21-000036	1	OHDF Franchise, Inc.	Dennis McKinley	CEO, Principal Executive Officer and Director, Principal Financial Officer and Principal Accounting Officer
0001837303-21-000001	1	Twisted Taino Restaurant LLC	Jose Melendez	Owner
0001803861-21-000002	1	MELANOID EXCHANGE LLC	Jovante Ham	President/CEO
0001803861-21-000001	1	MELANOID EXCHANGE LLC	Jovante Ham	President/CEO
0001665160-21-000033	1	Innovative Eyewear, Inc.	Harrison Gross	CEO, Principal Executive Officer, Director
0001816547-21-000001	1	Buffd, Inc.	Benjamin Goldhaber	CEO
0001746059-21-000011	1	N & M Coach Lines LLC	Noreago Drumgoole	Owner and Founder
0001746059-21-000010	1	Green Grass Acres LLC	James Ridgley Jr.	Owner and Founder
0001829951-21-000001	1	Swedesboro Brewing Co LLC	Kevin Bain	Co-Owner
0001816293-21-000001	1	Wind Craft Aviation Inc.	/s/ ALEXANDER J TAYLOR	FOUNDER / CEO
0001788434-21-000001	1	Edly Inc.	/s/ Chris Ricciardi	CEO
0001665160-21-000031	1	Phormed Inc	McCoy Moretz	CEO, Principal Executive Officer and Director, Principal Financial Officer and Principal Accounting Officer
0001665160-21-000030	1	Grand Teton Vodka, Inc.	Linda Beckett	CEO, Principal Executive Officer and Director, Principal Financial Officer and Principal Accounting Officer
0001776715-21-000001	1	Flower Street Docs, LLC	/s/ ADAM CAROLLA	MANAGER
0001670254-21-000006	1	Relevant Entertainment LLC	Vicki O'Brien	CEO/Producer
0001670254-21-000004	1	Billbox Inc.	Alexis Oiler	CEO at Billbox
0001746059-21-000009	1	D Colosso Di Rodi, LLC	Andrew Hendricks	Owner and CoFounder
0001665160-21-000021	1	Eyedaptic, Inc.	Jay Cormier	CEO, Principal Executive Officer and Director, Principal Financial Officer and Principal Accounting Officer
0001828172-21-000002	1	Primal Life Organics, LLC	/s/ Trina Felber	CEO, Member Manager
0001832495-21-000001	1	MStreetX, Inc	David Rixter by Sean Fuellhart POA	CEO
0001746059-21-000008	1	Trader's Cache, LLC	Nathaniel Morsches	Owner and CoFounder
0001746059-21-000007	1	Punky's Bottle Shop, Inc.	Jared Forsythe	Owner and CoFounder
0001746059-21-000006	1	White Elephant Brewing Company, LLC	Rebecca Quisenberry	COO & CoFounder
0001635996-21-000001	1	Oak & Grist Distilling Co LLC	William Goldberg	President
0001794611-21-000001	1	Zephyr Aerospace, L.L.C.	Jeffrey O'Neill	Sole Member
0001665160-21-000018	1	Wilderwise Inc.	Arya Mazanek	CEO, Principal Executive Officer and Director, Principal Financial Officer and Principal Accounting Officer.
0001746059-21-000005	1	DET Enterprises, Inc	Chitra Sivanandam	CFO and Co-Owner
0001736308-21-000002	1	Demand Derivatives Corp.	Robert Krause	CEO
0001665160-21-000012	1	Open Box Buy Corp	Richard Marino	CEO, Principal Executive Officer and Director, Principal Financial Officer and Principal Accounting Officer
0001793813-21-000001	1	Living a Book inc	Jorge Luis Caballero	CEO, Director
0001670254-21-000002	1	iAssay, Inc.	Lonnie Adelman	CEO
0001828172-21-000001	1	Primal Life Organics, LLC	/s/ Trina Felber	CEO, Member Manager
0001665160-21-000006	1	Vegan Fine Brands, Inc.	Steven Smith	CEO, Principal Executive Officer and Director, Principal Financial Officer and Principal Accounting Officer
0001746059-21-000004	1	CGK ON NEWBURY LLC	Jose DeSouza	Owner and CoFounder
0001725994-21-000003	1	1World Online, Inc.	Alex Fedosseev	CEO
0001725994-21-000002	1	7810 Boeing Ave LLC	Megan Blu	Manager
0001725994-21-000001	1	ITSBYU, INC.	Caroline Strzalka	CEO, Director
0001746059-21-000003	1	Ferndale Project LLC	Dayne Bartscht	Owner and Manager
0001746059-21-000002	1	Anas Norwegian Bakeri LLC	Anne-Marie Godfrey	Owner and Founder
0001670254-21-000001	1	BrainScanology Inc	Dave Nguyen	Co-Founder & CEO
0001746059-21-000001	1	7th Street Slider Bar, LLC	Zachary Meldrum	Owner and Founder
0001665160-21-000002	1	Reset IV, Inc.	Daniel Rubenstein	CEO, Principal Executive Officer and Director
0001831893-21-000001	1	Didactic, Inc.	/s/Gagan Biyani	CEO, Director
0001665160-21-000001	1	Fantasy Network Corp	Ronald B Newcomb	CEO, Principal Executive Officer and Director
0001837675-21-000001	1	Sharp Shooters Global LLC.	Darrel Frater	CEO
0001669191-21-000008	1	Neurotez Inc.	Nikolaos Tezapsidis	Principal Executive Officer
0001669191-21-000006	1	The Feel Good Lab LLC	Ryan Gresh	Principal Executive Officer
0001669191-21-000004	1	PetroFunders Inc.	Ryan Werking	Principal Executive Officer
0001669191-21-000002	1	Demand Derivatives Corp.	Robert Krause	Principal Executive Officer
0001830742-20-000002	1	MyndVR Inc.	/s/ Chris Brickler	CEO, Director
0001833385-20-000004	1	Clegg Ventures, Inc.	Justin Clegg	President
